Activity ID,Activity Date,Activity Name,Activity Type,Activity Description,Elapsed Time,Distance,Max Heart Rate,Relative Effort,Commute,Activity Private Note,Activity Gear,Filename,Athlete Weight,Bike Weight,Elapsed Time,Moving Time,Distance,Max Speed,Average Speed,Elevation Gain,Elevation Loss,Elevation Low,Elevation High,Max Grade,Average Grade,Average Positive Grade,Average Negative Grade,Max Cadence,Average Cadence,Max Heart Rate,Average Heart Rate,Max Watts,Average Watts,Calories,Max Temperature,Average Temperature,Relative Effort,Total Work,Number of Runs,Uphill Time,Downhill Time,Other Time,Perceived Exertion,"<span class=""translation_missing"" title=""translation missing: en-US.lib.export.portability_exporter.activities.horton_values.type"">Type</span>","<span class=""translation_missing"" title=""translation missing: en-US.lib.export.portability_exporter.activities.horton_values.start_time"">Start Time</span>",Weighted Average Power,Power Count,Prefer Perceived Exertion,Perceived Relative Effort,Commute,Total Weight Lifted,From Upload,Grade Adjusted Distance,Weather Observation Time,Weather Condition,Weather Temperature,Apparent Temperature,Dewpoint,Humidity,Weather Pressure,Wind Speed,Wind Gust,Wind Bearing,Precipitation Intensity,Sunrise Time,Sunset Time,Moon Phase,Bike,Gear,Precipitation Probability,Precipitation Type,Cloud Cover,Weather Visibility,UV Index,Weather Ozone,"<span class=""translation_missing"" title=""translation missing: en-US.lib.export.portability_exporter.activities.horton_values.jump_count"">Jump Count</span>","<span class=""translation_missing"" title=""translation missing: en-US.lib.export.portability_exporter.activities.horton_values.total_grit"">Total Grit</span>","<span class=""translation_missing"" title=""translation missing: en-US.lib.export.portability_exporter.activities.horton_values.avg_flow"">Avg Flow</span>","<span class=""translation_missing"" title=""translation missing: en-US.lib.export.portability_exporter.activities.horton_values.flagged"">Flagged</span>","<span class=""translation_missing"" title=""translation missing: en-US.lib.export.portability_exporter.activities.horton_values.avg_elapsed_speed"">Avg Elapsed Speed</span>","<span class=""translation_missing"" title=""translation missing: en-US.lib.export.portability_exporter.activities.horton_values.dirt_distance"">Dirt Distance</span>","<span class=""translation_missing"" title=""translation missing: en-US.lib.export.portability_exporter.activities.horton_values.newly_explored_distance"">Newly Explored Distance</span>","<span class=""translation_missing"" title=""translation missing: en-US.lib.export.portability_exporter.activities.horton_values.newly_explored_dirt_distance"">Newly Explored Dirt Distance</span>","<span class=""translation_missing"" title=""translation missing: en-US.lib.export.portability_exporter.activities.horton_values.sport_type"">Sport Type</span>","<span class=""translation_missing"" title=""translation missing: en-US.lib.export.portability_exporter.activities.horton_values.total_steps"">Total Steps</span>",Media
8405125381,"Jan 17, 2023, 8:34:42 AM",Afternoon Run,Run,,359,1.00,,,false,,,activities/8405125381.gpx,,,359.0,334.0,1006.989990234375,4.5279998779296875,3.014940023422241,6.783524036407471,2.7835237979888916,34.29999923706055,39.5,24.574771881103516,0.39722341299057007,,,,,,,,,,,,,,,,,,,,,,,0.0,,0.0,,1.0,1034.800048828125,,,,,,,,,,,,,,,,,,,,,,,,,,0.0,2.804986000061035,0.0,,,,,""
8405187111,"Jan 17, 2023, 8:52:32 AM",Afternoon Run,Run,,550,1.15,,,false,,,activities/8405187111.gpx,,,550.0,468.0,1149.969970703125,4.086000919342041,2.457200765609741,5.1181817054748535,8.318181991577148,34.29999923706055,39.5,15.813547134399414,-0.27826812863349915,,,,,,,,,,,,,,,,,,,,,,,0.0,,0.0,,1.0,1157.0,,,,,,,,,,,,,,,,,,,,,,,,,,0.0,2.0908544063568115,0.0,,,,,""
8411187231,"Jan 18, 2023, 10:52:06 AM",Evening Run,Run,,794,2.06,,,false,,,activities/8411187231.gpx,,,794.0,790.0,2062.330078125,3.8539795875549316,2.610544443130493,14.643043518066406,15.543000221252441,33.5,39.5,16.37930679321289,-0.043639957904815674,,,,,,,,,,,,,,,,,,,,,,,0.0,,0.0,,1.0,2087.5,,,,,,,,,,,,,,,,,,,,,,,,,,0.0,2.597393035888672,0.0,,,,,""
8416073391,"Jan 19, 2023, 8:30:17 AM",Afternoon Run,Run,,356,1.02,,,false,,,activities/8416073391.gpx,,,356.0,352.0,1019.0599975585938,5.633996486663818,2.89505672454834,0.0,0.20000000298023224,33.0,35.0,7.0,-0.01962593011558056,,,,,,,,,,,,,,,,,,,,,,,0.0,,0.0,,1.0,1024.199951171875,,,,,,,,,,,,,,,,,,,,,,,,,,0.0,2.862528085708618,0.0,,,,,""
8416274053,"Jan 19, 2023, 9:35:24 AM",Afternoon Run,Run,,770,2.12,,,false,,,activities/8416274053.gpx,,,770.0,756.0,2124.570068359375,4.438000679016113,2.8102779388427734,14.137834548950195,10.237799644470215,34.29999923706055,39.5,17.892648696899414,0.18356655538082123,,,,,,,,,,,,,,,,,,,,,,,0.0,,0.0,,1.0,2166.699951171875,,,,,,,,,,,,,,,,,,,,,,,,,,0.0,2.7591819763183594,181.5,,,,,""
8421284432,"Jan 20, 2023, 8:57:31 AM",Afternoon Run,Run,,321,1.01,,,false,,,activities/8421284432.gpx,,,321.0,321.0,1011.1099853515625,5.652001857757568,3.1498754024505615,5.673333168029785,5.473330020904541,33.20000076293945,39.099998474121094,13.866254806518555,0.019780240952968597,,,,,,,,,,,,,,,,,,,,,,,0.0,,0.0,,1.0,1023.0,,,,,,,,,,,,,,,,,,,,,,,,,,0.0,3.1498754024505615,85.30000305175781,,,,,""
8426220243,"Jan 21, 2023, 9:43:41 AM",Afternoon Run,Run,,374,1.03,,,false,,,activities/8426220243.gpx,,,374.0,361.0,1037.8299560546875,6.879998683929443,2.87487530708313,7.511894226074219,4.011889934539795,34.29999923706055,39.099998474121094,17.91939353942871,0.33724215626716614,,,,,,,,,,,,,,,,,,,,,,,0.0,,0.0,,1.0,1063.199951171875,,,,,,,,,,,,,,,,,,,,,,,,,,0.0,2.774946451187134,0.0,,,,,""
8426310712,"Jan 21, 2023, 9:59:15 AM",Afternoon Run,Run,,349,1.02,,,false,,,activities/8426310712.gpx,,,349.0,349.0,1020.6599731445312,6.41400146484375,2.924527168273926,5.094444274902344,2.7944445610046387,34.29999923706055,39.5,14.631918907165527,0.22534438967704773,,,,,,,,,,,,,,,,,,,,,,,0.0,,0.0,,1.0,1039.699951171875,,,,,,,,,,,,,,,,,,,,,,,,,,0.0,2.924527168273926,0.0,,,,,""
8464355932,"Jan 28, 2023, 10:57:34 AM",Evening Run,Run,,390,1.05,,,false,,,activities/8464355932.gpx,,,390.0,390.0,1054.030029296875,5.949999809265137,2.702641010284424,4.322009563446045,6.122009754180908,35.5,40.20000076293945,16.949159622192383,-0.17077311873435974,,,,,,,,,,,,,,,,,,,,,,,0.0,,0.0,,1.0,1059.5999755859375,,,,,,,,,,,,,,,,,,,,,,,,,,0.0,2.702641010284424,230.1999969482422,,,,,""
8464607117,"Jan 28, 2023, 11:35:47 AM",Evening Run,Run,,378,1.03,,,false,,,activities/8464607117.gpx,,,378.0,361.0,1038.260009765625,4.850000858306885,2.8760664463043213,3.5,4.599999904632568,34.29999923706055,39.5,5.810204029083252,-0.10594648867845535,,,,,,,,,,,,,,,,,,,,,,,0.0,,0.0,,1.0,1043.0,,,,,,,,,,,,,,,,,,,,,,,,,,0.0,2.7467195987701416,104.80000305175781,,,,,""
8469494602,"Jan 29, 2023, 9:25:21 AM",Afternoon Run,Run,,361,1.04,,,false,,,activities/8469494602.gpx,,,361.0,355.0,1042.449951171875,4.438000679016113,2.936478853225708,5.932257175445557,3.732257127761841,34.29999923706055,38.79999923706055,12.495125770568848,0.21104130148887634,,,,,,,,,,,,,,,,,,,,,,,0.0,,0.0,,1.0,1058.300048828125,,,,,,,,,,,,,,,,,,,,,,,,,,0.0,2.8876729011535645,103.4000015258789,,,,,""
8486700296,"Feb 1, 2023, 10:51:40 AM",Evening Run,Run,,172,0.53,,,false,,,activities/8486700296.gpx,,,172.0,168.0,529.489990234375,4.159999847412109,3.151726245880127,2.47478985786438,0.7747899293899536,34.099998474121094,37.0,6.446995258331299,0.32106366753578186,,,,,,,,,,,,,,,,,,,,,,,0.0,,0.0,,1.0,537.4000244140625,,,,,,,,,,,,,,,,,,,,,,,,,,0.0,3.07843017578125,0.0,,,,,""
8491841529,"Feb 2, 2023, 9:29:13 AM",Afternoon Run,Run,,363,1.07,,,false,,,activities/8491841529.gpx,,,363.0,359.0,1075.8699951171875,4.752001762390137,2.996852397918701,5.110000133514404,6.909999847412109,34.29999923706055,39.5,10.702342987060547,-0.16730645298957825,,,,,,,,,,,,,,,,,,,,,,,0.0,,0.0,,1.0,1084.0,,,,,,,,,,,,,,,,,,,,,,,,,,0.0,2.963829278945923,0.0,,,,,""
8497454719,"Feb 3, 2023, 11:04:11 AM",Evening Run,Run,,541,0.99,,,false,,,activities/8497454719.gpx,,,541.0,371.0,993.3499755859375,4.971997261047363,2.677493095397949,0.0,0.699999988079071,33.0,37.0,7.233314514160156,-0.07046861946582794,,,,,,,,,,,,,,,,,,,,,,,0.0,,0.0,,1.0,996.7000122070312,,,,,,,,,,,,,,,,,,,,,,,,,,0.0,1.8361366987228394,0.0,,,,,""
8513769991,"Feb 6, 2023, 8:45:42 AM",Afternoon Run,Run,,726,2.06,,,false,,,activities/8513769991.gpx,,,726.0,709.0,2065.419921875,5.109997749328613,2.913145065307617,8.550714492797852,9.250714302062988,34.29999923706055,38.79999923706055,4.315928936004639,-0.03389141336083412,,,,,,,,,,,,,,,,,,,,,,,0.0,,0.0,,1.0,2069.5,,,,,,,,,,,,,,,,,,,,,,,,,,0.0,2.844931125640869,0.0,,,,,""
8519457912,"Feb 7, 2023, 9:53:41 AM",Afternoon Run,Run,,389,0.99,,,false,,,activities/8519457912.gpx,,,389.0,382.0,994.469970703125,3.9100000858306885,2.6033244132995605,4.973052501678467,3.6730525493621826,32.0,37.5,13.14169692993164,0.13072289526462555,,,,,,,,,,,,,,,,,,,,,,,0.0,,0.0,,1.0,1011.2000122070312,,,,,,,,,,,,,,,,,,,,,,,,,,0.0,2.5564780235290527,315.1000061035156,,,,,""
8525412979,"Feb 8, 2023, 10:31:04 AM",Evening Run,Run,,374,1.10,,,false,,,activities/8525412979.gpx,,,374.0,371.0,1101.22998046875,4.122003078460693,2.9682748317718506,7.4666666984558105,6.766666889190674,33.29999923706055,39.5,14.134285926818848,0.06356528401374817,,,,,,,,,,,,,,,,,,,,,,,0.0,,0.0,,1.0,1117.199951171875,,,,,,,,,,,,,,,,,,,,,,,,,,0.0,2.944465160369873,0.0,,,,,""
8531084245,"Feb 9, 2023, 10:42:04 AM",Evening Run,Run,,652,2.04,,,false,,,activities/8531084245.gpx,,,652.0,643.0,2042.0699462890625,7.3166656494140625,3.1758475303649902,11.008282661437988,10.008282661437988,33.0,39.5,7.9462175369262695,0.048969920724630356,,,,,,,,,,,,,,,,,,,,,,,0.0,,0.0,,1.0,2059.800048828125,,,,,,,,,,,,,,,,,,,,,,,,,,0.0,3.1320090293884277,109.9000015258789,,,,,""
8536328664,"Feb 10, 2023, 10:25:35 AM",Evening Run,Run,,329,1.02,,,false,,,activities/8536328664.gpx,,,329.0,326.0,1023.969970703125,4.925999641418457,3.141012191772461,5.127777576446533,4.527777671813965,34.29999923706055,39.5,5.068791389465332,0.05859546735882759,,,,,,,,,,,,,,,,,,,,,,,0.0,,0.0,,1.0,1031.5999755859375,,,,,,,,,,,,,,,,,,,,,,,,,,0.0,3.112370729446411,0.0,,,,,""
8541568643,"Feb 11, 2023, 10:49:27 AM",Evening Run,Run,,322,1.10,,,false,,,activities/8541568643.gpx,,,322.0,314.0,1104.5,8.960000991821289,3.5175158977508545,9.815978050231934,7.615978717803955,31.5,39.400001525878906,17.15265655517578,0.19918514788150787,,,,,,,,,,,,,,,,,,,,,,,0.0,,0.0,,1.0,1161.300048828125,,,,,,,,,,,,,,,,,,,,,,,,,,0.0,3.430124282836914,0.0,,,,,""
8564350136,"Feb 15, 2023, 10:39:24 AM",Evening Run,Run,,406,1.02,,,false,,,activities/8564350136.gpx,,,406.0,400.0,1025.8499755859375,3.88800048828125,2.5646250247955322,13.146666526794434,0.3466666638851166,21.700000762939453,35.70000076293945,9.063450813293457,1.2477457523345947,,,,,,,,,,,,,,,,,,,,,,,0.0,,0.0,,1.0,1063.199951171875,,,,,,,,,,,,,,,,,,,,,,,,,,0.0,2.526724100112915,0.0,,,,,""
8569969872,"Feb 16, 2023, 10:29:35 AM",Evening Run,Run,,414,1.02,,,false,,,activities/8569969872.gpx,,,414.0,405.0,1026.6199951171875,3.582000732421875,2.5348641872406006,18.037931442260742,-0.46206897497177124,21.700000762939453,40.599998474121094,5.333333492279053,1.8020299673080444,,,,,,,,,,,,,,,,,,,,,,,0.0,,0.0,,1.0,1081.5,,,,,,,,,,,,,,,,,,,,,,,,,,0.0,2.4797585010528564,0.0,,,,,""
8581067224,"Feb 18, 2023, 12:52:45 PM",Evening Run,Run,,382,1.14,,,false,,,activities/8581067224.gpx,,,382.0,359.0,1144.2099609375,7.682000160217285,3.1872143745422363,6.486666679382324,2.0866665840148926,29.600000381469727,36.900001525878906,12.437813758850098,0.38454481959342957,,,,,,,,,,,,,,,,,,,,,,,0.0,,0.0,,1.0,1166.5,,,,,,,,,,,,,,,,,,,,,,,,,,0.0,2.995314121246338,149.10000610351562,,,,,""
8581150675,"Feb 18, 2023, 1:10:11 PM",Night Run,Run,,160,0.60,,,false,,,activities/8581150675.gpx,,,160.0,160.0,599.4500122070312,6.7760009765625,3.7465624809265137,4.692500114440918,-0.007499999832361937,33.099998474121094,38.599998474121094,4.9019646644592285,0.7840520143508911,,,,,,,,,,,,,,,,,,,,,,,0.0,,0.0,,1.0,614.5999755859375,,,,,,,,,,,,,,,,,,,,,,,,,,0.0,3.7465624809265137,11.399999618530273,,,,,""
8586093454,"Feb 19, 2023, 10:44:27 AM",Evening Run,Run,,934,3.06,,,false,,,activities/8586093454.gpx,,,934.0,934.0,3062.409912109375,13.57800006866455,3.278811454772949,14.842231750488281,26.34223175048828,34.0,47.099998474121094,17.013368606567383,-0.3755212426185608,,,,,,,,,,,,,,,,,,,,,,,0.0,,0.0,,1.0,3098.699951171875,,,,,,,,,,,,,,,,,,,,,,,,,,0.0,3.278811454772949,422.3999938964844,,,,,""
8591852687,"Feb 20, 2023, 11:15:41 AM",Evening Run,Run,,152,0.49,,,false,,,activities/8591852687.gpx,,,152.0,148.0,495.94000244140625,5.420001029968262,3.3509459495544434,19.862777709960938,11.062777519226074,29.299999237060547,43.400001525878906,25.487262725830078,1.774408221244812,,,,,,,,,,,,,,,,,,,,,,,0.0,,0.0,,1.0,625.4000244140625,,,,,,,,,,,,,,,,,,,,,,,,,,0.0,3.262763261795044,0.0,,,,,""
8597181806,"Feb 21, 2023, 10:25:52 AM",Evening Run,Run,,359,1.00,,,false,,,activities/8597181806.gpx,,,359.0,359.0,1007.27001953125,4.032000541687012,2.8057661056518555,4.265277862548828,3.965277671813965,34.29999923706055,38.79999923706055,3.5087718963623047,0.029783474281430244,,,,,,,,,,,,,,,,,,,,,,,0.0,,0.0,,1.0,1011.0999755859375,,,,,,,,,,,,,,,,,,,,,,,,,,0.0,2.8057661056518555,0.0,,,,,""
8597272872,"Feb 21, 2023, 10:42:34 AM",Evening Run,Run,,741,2.04,,,false,,,activities/8597272872.gpx,,,741.0,741.0,2040.0,3.8680052757263184,2.7530364990234375,0.0,0.8999999761581421,33.0,35.0,7.25512170791626,-0.04411764815449715,,,,,,,,,,,,,,,,,,,,,,,0.0,,0.0,,1.0,2047.4000244140625,,,,,,,,,,,,,,,,,,,,,,,,,,0.0,2.7530364990234375,0.0,,,,,""
8603282723,"Feb 22, 2023, 11:38:22 AM",Evening Run,Run,,413,1.16,,,false,,,activities/8603282723.gpx,,,413.0,410.0,1165.8499755859375,4.511999607086182,2.843536615371704,2.48421049118042,5.084210395812988,33.0,36.70000076293945,7.971012592315674,-0.2230132520198822,,,,,,,,,,,,,,,,,,,,,,,0.0,,0.0,,1.0,1169.0,,,,,,,,,,,,,,,,,,,,,,,,,,0.0,2.8228812217712402,0.0,,,,,""
8613515285,"Feb 24, 2023, 10:18:40 AM",Evening Run,Run,,376,1.15,,,false,,,activities/8613515285.gpx,,,376.0,360.0,1151.949951171875,5.314001560211182,3.1998610496520996,5.131999969482422,5.0320000648498535,34.29999923706055,39.5,5.2956743240356445,0.008680933155119419,,,,,,,,,,,,,,,,,,,,,,,0.0,,0.0,,1.0,1158.5999755859375,,,,,,,,,,,,,,,,,,,,,,,,,,0.0,3.0636966228485107,80.30000305175781,,,,,""
8629754653,"Feb 27, 2023, 9:44:25 AM",Afternoon Run,Run,,318,1.05,,,false,,,activities/8629754653.gpx,,,318.0,309.0,1058.9300537109375,6.2819976806640625,3.4269580841064453,6.168449401855469,5.768449306488037,33.0,39.400001525878906,11.261255264282227,0.0377739779651165,,,,,,,,,,,,,,,,,,,,,,,0.0,,0.0,,1.0,1077.4000244140625,,,,,,,,,,,,,,,,,,,,,,,,,,0.0,3.3299686908721924,191.89999389648438,,,,,""
8629829154,"Feb 27, 2023, 10:01:59 AM",Evening Run,Run,,652,2.02,,,false,,,activities/8629829154.gpx,,,652.0,648.0,2027.030029296875,5.322000026702881,3.1281328201293945,13.186975479125977,12.786975860595703,33.20000076293945,39.5,8.590200424194336,0.019733304157853127,,,,,,,,,,,,,,,,,,,,,,,0.0,,0.0,,1.0,2043.5999755859375,,,,,,,,,,,,,,,,,,,,,,,,,,0.0,3.1089417934417725,98.19999694824219,,,,,""
8635055809,"Feb 28, 2023, 10:05:20 AM",Evening Run,Run,,383,1.11,,,false,,,activities/8635055809.gpx,,,383.0,373.0,1114.8299560546875,4.05999755859375,2.9888203144073486,5.675176620483398,5.275176525115967,33.20000076293945,37.0,7.874015808105469,0.03587990999221802,,,,,,,,,,,,,,,,,,,,,,,0.0,,0.0,,1.0,1126.0,,,,,,,,,,,,,,,,,,,,,,,,,,0.0,2.910783290863037,0.0,,,,,""
8635219102,"Feb 28, 2023, 10:36:13 AM",Evening Run,Run,,1030,3.02,,,false,,,activities/8635219102.gpx,,,1030.0,1030.0,3027.72998046875,5.212011814117432,2.9395437240600586,12.067516326904297,11.567516326904297,33.0,42.70000076293945,24.82541847229004,0.016514021903276443,,,,,,,,,,,,,,,,,,,,,,,0.0,,0.0,,1.0,3099.5,,,,,,,,,,,,,,,,,,,,,,,,,,0.0,2.9395437240600586,0.0,,,,,""
8640587173,"Mar 1, 2023, 9:09:39 AM",Afternoon Run,Run,,299,1.02,,,false,,,activities/8640587173.gpx,,,299.0,299.0,1025.68994140625,5.099999904632568,3.430401086807251,5.730621814727783,4.230621814727783,33.29999923706055,39.5,13.26274585723877,0.14624302089214325,,,,,,,,,,,,,,,,,,,,,,,0.0,,0.0,,1.0,1042.199951171875,,,,,,,,,,,,,,,,,,,,,,,,,,0.0,3.430401086807251,0.0,,,,,""
8640697250,"Mar 1, 2023, 9:44:01 AM",Afternoon Run,Run,,375,1.01,,,false,,,activities/8640697250.gpx,,,375.0,375.0,1010.0900268554688,3.799999952316284,2.693573474884033,0.0,1.0,33.0,35.20000076293945,6.349209785461426,-0.09900107979774475,,,,,,,,,,,,,,,,,,,,,,,0.0,,0.0,,1.0,1013.2999877929688,,,,,,,,,,,,,,,,,,,,,,,,,,0.0,2.693573474884033,0.0,,,,,""
8646315002,"Mar 2, 2023, 10:00:06 AM",Evening Run,Run,,694,2.03,,,false,,,activities/8646315002.gpx,,,694.0,691.0,2029.1300048828125,4.305993556976318,2.9365122318267822,0.0,2.9000000953674316,33.0,36.400001525878906,6.962582111358643,-0.1429183930158615,,,,,,,,,,,,,,,,,,,,,,,0.0,,0.0,,1.0,2033.5,,,,,,,,,,,,,,,,,,,,,,,,,,0.0,2.923818349838257,0.0,,,,,""
8652277314,"Mar 3, 2023, 12:20:42 PM",Evening Run,Run,,303,1.16,,,false,,,activities/8652277314.gpx,,,303.0,298.0,1163.5,8.461999893188477,3.904362440109253,20.299999237060547,20.0,16.899999618530273,39.5,42.92832946777344,0.025784270837903023,,,,,,,,,,,,,,,,,,,,,,,0.0,,0.0,,1.0,1325.800048828125,,,,,,,,,,,,,,,,,,,,,,,,,,0.0,3.8399341106414795,81.0,,,,0.0,""
8657421026,"Mar 4, 2023, 11:39:56 AM",Evening Run,Run,,384,1.02,,,false,,,activities/8657421026.gpx,,,384.0,384.0,1023.969970703125,3.632006883621216,2.666588544845581,2.957608699798584,3.3576087951660156,33.0,36.400001525878906,7.349923133850098,-0.039063647389411926,,,,,,,,,,,,,,,,,,,,,,,0.0,,0.0,,1.0,1031.0999755859375,,,,,,,,,,,,,,,,,,,,,,,,,,0.0,2.666588544845581,0.0,,,,0.0,""
8662093345,"Mar 5, 2023, 8:11:21 AM",Afternoon Run,Run,,724,2.32,,,false,,,activities/8662093345.gpx,,,724.0,714.0,2323.52001953125,9.176000595092773,3.254229784011841,12.522275924682617,10.322275161743164,33.400001525878906,39.5,6.535946369171143,0.0946839302778244,,,,,,,,,,,,,,,,,,,,,,,0.0,,0.0,,1.0,2340.300048828125,,,,,,,,,,,,,,,,,,,,,,,,,,0.0,3.2092816829681396,0.0,,,,0.0,""
8668714498,"Mar 6, 2023, 9:42:38 AM",Afternoon Run,Run,,384,1.16,,,false,,,activities/8668714498.gpx,,,384.0,379.0,1162.75,5.288000583648682,3.067941904067993,6.724096775054932,7.524096965789795,33.0,36.70000076293945,6.102211952209473,-0.06880240887403488,,,,,,,,,,,,,,,,,,,,,,,0.0,,0.0,,1.0,1169.699951171875,,,,,,,,,,,,,,,,,,,,,,,,,,0.0,3.0279948711395264,0.0,,,,0.0,""
8668800068,"Mar 6, 2023, 9:57:39 AM",Afternoon Run,Run,,1027,3.15,,,false,,,activities/8668800068.gpx,,,1027.0,1023.0,3155.139892578125,6.398001194000244,3.0842032432556152,15.522871971130371,14.622872352600098,33.0,39.5,12.019227981567383,0.028524884954094887,,,,,,,,,,,,,,,,,,,,,,,0.0,,0.0,,1.0,3189.800048828125,,,,,,,,,,,,,,,,,,,,,,,,,,0.0,3.072190761566162,366.5,,,,0.0,""
8674307693,"Mar 7, 2023, 10:42:47 AM",Evening Run,Run,,1018,2.75,,,false,,,activities/8674307693.gpx,,,1018.0,1018.0,2758.969970703125,3.855999708175659,2.710186719894409,19.709091186523438,31.909090042114258,21.700000762939453,42.20000076293945,5.716592788696289,-0.44219401478767395,,,,,,,,,,,,,,,,,,,,,,,0.0,,0.0,,1.0,2755.199951171875,,,,,,,,,,,,,,,,,,,,,,,,,,0.0,2.710186719894409,0.0,,,,0.0,""
8679699394,"Mar 8, 2023, 9:41:16 AM",Afternoon Run,Run,,448,1.21,,,false,,,activities/8679699394.gpx,,,448.0,448.0,1213.6700439453125,3.6340088844299316,2.709084987640381,2.0450000762939453,19.344999313354492,21.700000762939453,41.20000076293945,7.36649227142334,-1.4254286289215088,,,,,,,,,,,,,,,,,,,,,,,0.0,,0.0,,1.0,1183.199951171875,,,,,,,,,,,,,,,,,,,,,,,,,,0.0,2.709084987640381,0.0,,,,0.0,""
8684915552,"Mar 9, 2023, 9:38:46 AM",Afternoon Run,Run,,377,1.02,,,false,,,activities/8684915552.gpx,,,377.0,377.0,1022.2000122070312,4.5,2.7114057540893555,2.811660051345825,3.4116601943969727,33.0,36.5,7.120634078979492,-0.0586969256401062,,,,,,,,,,,,,,,,,,,,,,,0.0,,0.0,,1.0,1028.800048828125,,,,,,,,,,,,,,,,,,,,,,,,,,0.0,2.7114057540893555,0.0,,,,0.0,""
8685097470,"Mar 9, 2023, 10:18:59 AM",Evening Run,Run,,1160,3.02,,,false,,,activities/8685097470.gpx,,,1160.0,1157.0,3023.590087890625,3.744006395339966,2.6133017539978027,22.98961067199707,36.48960876464844,21.700000762939453,42.599998474121094,6.512020587921143,-0.4464890956878662,,,,,,,,,,,,,,,,,,,,,,,0.0,,0.0,,1.0,3020.199951171875,,,,,,,,,,,,,,,,,,,,,,,,,,0.0,2.6065430641174316,0.0,,,,0.0,""
8707138891,"Mar 13, 2023, 12:26:01 PM",Evening Run,Run,,426,1.22,,,false,,,activities/8707138891.gpx,,,426.0,426.0,1225.93994140625,4.618000507354736,2.877793312072754,20.123077392578125,0.5230769515037537,21.700000762939453,42.5,4.892367362976074,1.5987732410430908,,,,,,,,,,,,,,,,,,,,,,,0.0,,0.0,,1.0,1285.0999755859375,,,,,,,,,,,,,,,,,,,,,,,,,,0.0,2.877793312072754,0.0,,,,0.0,""
8712259038,"Mar 14, 2023, 11:40:16 AM",Evening Run,Run,,1200,3.30,,,false,,,activities/8712259038.gpx,,,1200.0,1200.0,3304.0400390625,3.9200196266174316,2.753366708755493,28.071428298950195,21.77142906188965,21.700000762939453,42.599998474121094,6.037092208862305,0.19067566096782684,,,,,,,,,,,,,,,,,,,,,,,0.0,,0.0,,1.0,3343.0,,,,,,,,,,,,,,,,,,,,,,,,,,0.0,2.753366708755493,0.0,,,,0.0,""
8717847421,"Mar 15, 2023, 11:33:32 AM",Evening Run,Run,,1234,3.24,,,false,,,activities/8717847421.gpx,,,1234.0,1231.0,3241.800048828125,3.8080077171325684,2.6334688663482666,27.107038497924805,21.107038497924805,21.700000762939453,42.29999923706055,4.940654277801514,0.1850823611021042,,,,,,,,,,,,,,,,,,,,,,,0.0,,0.0,,1.0,3279.800048828125,,,,,,,,,,,,,,,,,,,,,,,,,,0.0,2.6270663738250732,0.0,,,,0.0,""
8723052513,"Mar 16, 2023, 10:09:25 AM",Evening Run,Run,,1464,3.78,,,false,,,activities/8723052513.gpx,,,1464.0,1454.0,3780.449951171875,3.4020018577575684,2.600034236907959,42.802127838134766,23.502126693725586,21.700000762939453,42.599998474121094,7.738522529602051,0.5105212330818176,,,,,,,,,,,,,,,,,,,,,,,0.0,,0.0,,1.0,3863.89990234375,,,,,,,,,,,,,,,,,,,,,,,,,,0.0,2.5822746753692627,0.0,,,,0.0,""
8728452780,"Mar 17, 2023, 10:03:07 AM",Evening Run,Run,,740,1.94,,,false,,,activities/8728452780.gpx,,,740.0,730.0,1941.6500244140625,3.3239989280700684,2.659794569015503,20.654544830322266,17.054546356201172,21.700000762939453,42.599998474121094,5.316790580749512,0.1854093074798584,,,,,,,,,,,,,,,,,,,,,,,0.0,,0.0,,1.0,1970.5,,,,,,,,,,,,,,,,,,,,,,,,,,0.0,2.6238512992858887,0.0,,,,0.0,""
8728682567,"Mar 17, 2023, 10:37:27 AM",Evening Run,Run,,1968,5.00,,,false,,,activities/8728682567.gpx,,,1968.0,1965.0,5003.97021484375,3.509960889816284,2.5465497970581055,41.252174377441406,41.252174377441406,21.700000762939453,42.599998474121094,5.882352828979492,0.0,,,,,,,,,,,,,,,,,,,,,,,0.0,,0.0,,1.0,5051.60009765625,,,,,,,,,,,,,,,,,,,,,,,,,,0.0,2.542667865753174,0.0,,,,0.0,""
8734158598,"Mar 18, 2023, 11:27:23 AM",Evening Run,Run,,966,2.48,,,false,,,activities/8734158598.gpx,,,966.0,963.0,2486.110107421875,4.461987495422363,2.5816304683685303,20.590909957885742,20.590909957885742,21.700000762939453,42.599998474121094,5.780346393585205,0.0,,,,,,,,,,,,,,,,,,,,,,,0.0,,0.0,,1.0,2509.300048828125,,,,,,,,,,,,,,,,,,,,,,,,,,0.0,2.573612928390503,0.0,,,,0.0,""
8734489566,"Mar 18, 2023, 11:59:33 AM",Evening Run,Run,,1844,5.03,,,false,,,activities/8734489566.gpx,,,1844.0,1814.0,5030.2900390625,4.078000068664551,2.7730374336242676,40.857173919677734,40.95717239379883,21.700000762939453,42.599998474121094,7.316898822784424,-0.001987956929951906,,,,,,,,,,,,,,,,,,,,,,,0.0,,0.0,,1.0,5074.10009765625,,,,,,,,,,,,,,,,,,,,,,,,,,0.0,2.7279229164123535,0.0,,,,0.0,""
8739899858,"Mar 19, 2023, 10:36:55 AM",Evening Run,Run,,851,2.09,,,false,,,activities/8739899858.gpx,,,851.0,777.0,2097.93994140625,3.7439942359924316,2.7000513076782227,20.685714721679688,17.785715103149414,21.700000762939453,42.599998474121094,7.163343906402588,0.1382308453321457,,,,,,,,,,,,,,,,,,,,,,,0.0,,0.0,,1.0,2124.0,,,,,,,,,,,,,,,,,,,,,,,,,,0.0,2.465264320373535,0.0,,,,0.0,""
8746312433,"Mar 20, 2023, 12:45:52 PM",Evening Run,Run,,808,2.48,,,false,,,activities/8746312433.gpx,,,808.0,804.0,2482.429931640625,4.134002685546875,3.087599515914917,20.299999237060547,20.299999237060547,21.700000762939453,42.599998474121094,5.2746968269348145,0.0,,,,,,,,,,,,,,,,,,,,,,,0.0,,0.0,,1.0,2505.10009765625,,,,,,,,,,,,,,,,,,,,,,,,,,0.0,3.0723142623901367,0.0,,,,0.0,""
8756971600,"Mar 22, 2023, 9:41:56 AM",Afternoon Run,Run,,209,0.71,,,false,,,activities/8756971600.gpx,,,209.0,206.0,710.3900146484375,4.5320000648498535,3.4484951496124268,7.005882263183594,1.0058823823928833,21.700000762939453,28.899999618530273,5.046264171600342,0.8446064591407776,,,,,,,,,,,,,,,,,,,,,,,0.0,,0.0,,1.0,726.4000244140625,,,,,,,,,,,,,,,,,,,,,,,,,,0.0,3.3989953994750977,0.0,,,,0.0,""
8757263821,"Mar 22, 2023, 10:38:51 AM",Evening Run,Run,,967,2.49,,,false,,,activities/8757263821.gpx,,,967.0,967.0,2490.3701171875,3.5360350608825684,2.575356960296631,20.68000030517578,20.68000030517578,21.700000762939453,42.599998474121094,5.973675727844238,0.0,,,,,,,,,,,,,,,,,,,,,,,0.0,,0.0,,1.0,2513.300048828125,,,,,,,,,,,,,,,,,,,,,,,,,,0.0,2.575356960296631,0.0,,,,0.0,""
8762995374,"Mar 23, 2023, 10:43:36 AM",Evening Run,Run,,928,2.46,,,false,,,activities/8762995374.gpx,,,928.0,925.0,2468.030029296875,3.5779786109924316,2.6681406497955322,20.6842098236084,20.6842098236084,21.700000762939453,42.599998474121094,4.962773323059082,0.0,,,,,,,,,,,,,,,,,,,,,,,0.0,,0.0,,1.0,2490.5,,,,,,,,,,,,,,,,,,,,,,,,,,0.0,2.659515142440796,0.0,,,,0.0,""
8784603720,"Mar 27, 2023, 7:55:34 AM",Afternoon Run,Run,,1075,3.15,,,false,,,activities/8784603720.gpx,,,1075.0,1071.0,3157.739990234375,4.968005180358887,2.9484033584594727,20.55238151550293,35.4523811340332,21.700000762939453,42.599998474121094,5.517272472381592,-0.4718564450740814,,,,,,,,,,,,,,,,,,,,,,,0.0,,0.0,,1.0,3151.300048828125,,,,,,,,,,,,,,,,,,,,,,,,,,0.0,2.9374325275421143,0.0,,,,0.0,""
8790324495,"Mar 28, 2023, 9:09:55 AM",Afternoon Run,Run,,2030,5.36,,,false,,,activities/8790324495.gpx,,,2030.0,2020.0,5362.8701171875,4.259997367858887,2.654886245727539,41.04954528808594,54.6495475769043,21.700000762939453,42.599998474121094,5.624210357666016,-0.2535955607891083,,,,,,,,,,,,,,,,,,,,,,,0.0,,0.0,,1.0,5379.60009765625,,,,,,,,,,,,,,,,,,,,,,,,,,0.0,2.641808032989502,0.0,,,,0.0,""
8796471273,"Mar 29, 2023, 9:39:09 AM",First 10k :>,Run,"",3803,10.00,,,false,,,activities/8796471273.gpx,,,3803.0,3800.0,10005.1396484375,3.633984327316284,2.6329314708709717,86.7317123413086,86.73169708251953,21.700000762939453,42.599998474121094,7.8430705070495605,0.0,,,,,,,,,,,,,,,,,,,,,,,0.0,,0.0,,1.0,10099.099609375,,,,,,,,,,,,,,,,,,,,,,,,,,0.0,2.630854606628418,0.0,,,,0.0,media/d624f4b8-71b3-4f47-b814-796cd04be621.jpg
8808536341,"Mar 31, 2023, 3:09:26 PM",Night Run,Run,,775,2.16,,,false,,,activities/8808536341.gpx,,,775.0,769.0,2161.080078125,3.7019989490509033,2.8102471828460693,20.2608699798584,20.160869598388672,21.700000762939453,42.599998474121094,5.742439270019531,0.004627315793186426,,,,,,,,,,,,,,,,,,,,,,,0.0,,0.0,,1.0,2183.60009765625,,,,,,,,,,,,,,,,,,,,,,,,,,0.0,2.7884905338287354,0.0,,,,0.0,""
8811952729,"Apr 1, 2023, 9:41:28 AM",Afternoon Run,Run,,462,1.24,,,false,,,activities/8811952729.gpx,,,462.0,452.0,1245.010009765625,3.801999568939209,2.7544469833374023,20.10357093811035,0.5035714507102966,21.700000762939453,42.5,5.044179439544678,1.574284553527832,,,,,,,,,,,,,,,,,,,,,,,0.0,,0.0,,1.0,1304.300048828125,,,,,,,,,,,,,,,,,,,,,,,,,,0.0,2.69482684135437,0.0,,,,0.0,""
8812785754,"Apr 1, 2023, 11:58:11 AM",Evening Run,Run,,680,2.04,,,false,,,activities/8812785754.gpx,,,680.0,668.0,2042.949951171875,6.864001274108887,3.0583083629608154,20.136749267578125,8.836749076843262,22.600000381469727,37.0,24.91692543029785,0.5531217455863953,,,,,,,,,,,,,,,,,,,,,,,0.0,,0.0,,1.0,2121.5,,,,,,,,,,,,,,,,,,,,,,,,,,0.0,3.004338264465332,561.4000244140625,,,,0.0,""
8817184732,"Apr 2, 2023, 8:27:39 AM",Afternoon Run,Run,,939,2.51,,,false,,,activities/8817184732.gpx,,,939.0,936.0,2515.830078125,4.069999694824219,2.687852621078491,22.645475387573242,22.54547691345215,21.700000762939453,42.599998474121094,7.772050380706787,0.003974831197410822,,,,,,,,,,,,,,,,,,,,,,,0.0,,0.0,,1.0,2541.300048828125,,,,,,,,,,,,,,,,,,,,,,,,,,0.0,2.679265260696411,0.0,,,,0.0,""
8823548292,"Apr 3, 2023, 8:48:49 AM",Afternoon Run,Run,,345,1.11,,,false,,,activities/8823548292.gpx,,,345.0,322.0,1117.43994140625,6.753991603851318,3.4703104496002197,21.402572631835938,3.902573585510254,23.399999618530273,42.099998474121094,26.339685440063477,1.5660797357559204,,,,,,,,,,,,,,,,,,,,,,,0.0,,0.0,,1.0,1213.699951171875,,,,,,,,,,,,,,,,,,,,,,,,,,0.0,3.2389564514160156,448.20001220703125,,,,0.0,""
8829315653,"Apr 4, 2023, 8:47:06 AM",Afternoon Run,Run,,1770,5.04,,,false,,,activities/8829315653.gpx,,,1770.0,1767.0,5044.2099609375,3.9599997997283936,2.8546745777130127,45.33695983886719,45.23695755004883,21.700000762939453,42.599998474121094,8.25695514678955,0.0019824709743261337,,,,,,,,,,,,,,,,,,,,,,,0.0,,0.0,,1.0,5095.2998046875,,,,,,,,,,,,,,,,13057376.0,,,,,,,,,,0.0,2.8498361110687256,0.0,,,,0.0,""
8835660242,"Apr 5, 2023, 9:31:22 AM",Afternoon Run,Run,,1762,5.01,,,false,,,activities/8835660242.gpx,,,1762.0,1750.0,5012.60986328125,4.165999412536621,2.8643484115600586,40.95083236694336,40.95083236694336,21.700000762939453,42.599998474121094,5.366700649261475,0.0,,,,,,,,,,,,,,,,,,,,,,,0.0,,0.0,,1.0,5057.89990234375,,,,,,,,,,,,,,,,13057383.0,,,,,,,,,,0.0,2.8448410034179688,0.0,,,,0.0,""
8864238260,"Apr 10, 2023, 9:08:06 AM",Afternoon Run,Run,,957,2.64,,,false,,,activities/8864238260.gpx,,,957.0,951.0,2644.949951171875,3.7120118141174316,2.7812302112579346,22.902923583984375,22.80292320251465,21.700000762939453,42.5,5.267786026000977,0.0037807899061590433,,,,,,,,,,,,,,,,,,,,,,,0.0,,0.0,,1.0,2669.800048828125,,,,,,,,,,,,,,,,13057376.0,,,,,,,,,,0.0,2.7637929916381836,0.0,,,,0.0,""
8870811314,"Apr 11, 2023, 10:26:22 AM",Evening Run,Run,,1834,5.01,,,false,,,activities/8870811314.gpx,,,1834.0,1834.0,5012.81005859375,3.956005811691284,2.7332661151885986,41.18888854980469,41.18888854980469,21.700000762939453,42.599998474121094,5.4570207595825195,0.0,,,,,,,,,,,,,,,,,,,,,,,0.0,,0.0,,1.0,5057.7001953125,,,,,,,,,,,,,,,,13057383.0,,,,,,,,,,0.0,2.7332661151885986,0.0,,,,0.0,""
8876941554,"Apr 12, 2023, 9:33:06 AM",Afternoon Run,Run,"",4788,12.63,,,false,,,activities/8876941554.gpx,,,4788.0,4777.0,12629.25,5.285937309265137,2.6437618732452393,112.41740417480469,112.41699981689453,21.700000762939453,42.599998474121094,7.553479194641113,0.0,,,,,,,,,,,,,,,,,,,,,,,0.0,,0.0,,1.0,12750.5,,,,,,,,,,,,,,,,13057376.0,,,,,,,,,,0.0,2.637687921524048,20.0,,,,0.0,media/c46d079b-508b-49cc-bc56-0149e6ef7b16.jpg
8889485778,"Apr 14, 2023, 2:34:15 PM",Night Run,Run,,1059,3.34,,,false,,,activities/8889485778.gpx,,,1059.0,1034.0,3339.449951171875,5.572021484375,3.229642152786255,18.92725372314453,32.92725372314453,25.5,44.400001525878906,35.888206481933594,-0.41923072934150696,,,,,,,,,,,,,,,,,,,,,,,0.0,,0.0,,1.0,3398.300048828125,,,,,,,,,,,,,,,,13057383.0,,,,,,,,,,0.0,3.1533994674682617,670.7999877929688,,,,,""
8893329448,"Apr 15, 2023, 9:36:32 AM",Afternoon Run,Run,,904,2.62,,,false,,,activities/8893329448.gpx,,,904.0,896.0,2620.820068359375,4.170019626617432,2.9250223636627197,20.46363639831543,20.263635635375977,21.700000762939453,42.5,5.877419471740723,0.0076311989687383175,,,,,,,,,,,,,,,,,,,,,,,0.0,,0.0,,1.0,2643.89990234375,,,,,,,,,,,,,,,,13057383.0,,,,,,,,,,0.0,2.899137258529663,0.0,,,,,""
8893505490,"Apr 15, 2023, 10:04:34 AM",Evening Run,Run,,900,2.53,,,false,,,activities/8893505490.gpx,,,900.0,900.0,2534.0400390625,4.4580078125,2.8156001567840576,20.226316452026367,20.226316452026367,21.700000762939453,42.400001525878906,5.154646396636963,0.0,,,,,,,,,,,,,,,,,,,,,,,0.0,,0.0,,1.0,2555.89990234375,,,,,,,,,,,,,,,,13057383.0,,,,,,,,,,0.0,2.8156001567840576,0.0,,,,,""
8900880943,"Apr 16, 2023, 12:04:31 PM",Evening Run,Run,,2369,6.40,,,false,,,activities/8900880943.gpx,,,2369.0,2369.0,6403.080078125,4.715966701507568,2.702862024307251,41.3650016784668,61.064998626708984,21.700000762939453,42.599998474121094,5.263090133666992,-0.3076644241809845,,,,,,,,,,,,,,,,,,,,,,,0.0,,0.0,,1.0,6410.39990234375,,,,,,,,,,,,,,,,13057376.0,,,,,,,,,,0.0,2.702862024307251,0.0,,,,,""
8911472918,"Apr 18, 2023, 9:55:01 AM",Afternoon Run,Run,,247,1.00,,,false,,,activities/8911472918.gpx,,,247.0,247.0,1003.6599731445312,5.260000705718994,4.063400745391846,0.0,20.899999618530273,21.700000762939453,42.599998474121094,-0.5224664807319641,-2.082378625869751,,,,,,,,,,,,,,,,,,,,,,,0.0,,0.0,,1.0,964.0999755859375,,,,,,,,,,,,,,,,13057383.0,,,,,,,,,,0.0,4.063400745391846,0.0,,,,,""
8911889481,"Apr 18, 2023, 10:51:57 AM",Evening Run,Run,,1745,5.39,,,false,,,activities/8911889481.gpx,,,1745.0,1723.0,5398.7998046875,6.64599609375,3.1333718299865723,26.163249969482422,21.46324920654297,27.299999237060547,39.5,19.473125457763672,0.08705638349056244,,,,,,,,,,,,,,,,,,,,,,,0.0,,0.0,,1.0,5500.0,,,,,,,,,,,,,,,,13057383.0,,,,,,,,,,0.0,3.0938680171966553,1413.0999755859375,,,,,""
8918010314,"Apr 19, 2023, 9:57:54 AM",Afternoon Run,Run,,3850,10.62,,,false,,,activities/8918010314.gpx,,,3850.0,3850.0,10621.33984375,4.244000434875488,2.758789539337158,87.38512420654297,101.18512725830078,21.700000762939453,42.599998474121094,8.241817474365234,-0.1299271136522293,,,,,,,,,,,,,,,,,,,,,,,0.0,,0.0,,1.0,10689.2001953125,,,,,,,,,,,,,,,,13057383.0,,,,,,,,,,0.0,2.758789539337158,0.0,,,,,""
8923677849,"Apr 20, 2023, 9:14:45 AM",Afternoon Run,Run,,1528,4.42,,,false,,,activities/8923677849.gpx,,,1528.0,1487.0,4424.009765625,5.267992973327637,2.9751243591308594,32.3818359375,19.68183708190918,23.100000381469727,37.0,23.923486709594727,0.2870698869228363,,,,,,,,,,,,,,,,,,,,,,,0.0,,0.0,,1.0,4554.0,,,,,,,,,,,,,,,,13057376.0,,,,,,,,,,0.0,2.895294427871704,600.5,,,,,""
8925322797,"Apr 20, 2023, 2:41:43 PM",Night Run,Run,,2386,6.27,,,false,,,activities/8925322797.gpx,,,2386.0,2379.0,6271.93017578125,4.0579986572265625,2.6363725662231445,41.362770080566406,61.06277084350586,21.700000762939453,42.599998474121094,5.693520545959473,-0.31409788131713867,,,,,,,,,,,,,,,,,,,,,,,0.0,,0.0,,1.0,6280.2001953125,,,,,,,,,,,,,,,,13057376.0,,,,,,,,,,0.0,2.6286380290985107,0.0,,,,,""
8947799646,"Apr 24, 2023, 10:54:28 AM",Evening Run,Run,,2034,5.72,,,false,,,activities/8947799646.gpx,,,2034.0,2031.0,5725.77978515625,4.113965034484863,2.819192409515381,59.72477340698242,44.324771881103516,21.700000762939453,42.5,7.117444038391113,0.2689589858055115,,,,,,,,,,,,,,,,,,,,,,,0.0,,0.0,,1.0,5821.89990234375,,,,,,,,,,,,,,,,13057383.0,,,,,,,,,,0.0,2.8150343894958496,0.0,,,,,""
8953199253,"Apr 25, 2023, 9:46:45 AM",Afternoon Run,Run,,1549,4.37,,,false,,,activities/8953199253.gpx,,,1549.0,1521.0,4371.8798828125,4.2760009765625,2.8743457794189453,34.97349548339844,42.47349548339844,21.700000762939453,42.599998474121094,5.578797817230225,-0.171550914645195,,,,,,,,,,,,,,,,,,,,,,,0.0,,0.0,,1.0,4399.7998046875,,,,,,,,,,,,,,,,13057383.0,,,,,,,,,,0.0,2.8223886489868164,0.0,,,,,""
8959235898,"Apr 26, 2023, 8:42:06 AM",dead leg,Run,,2586,3.89,,,false,,,activities/8959235898.gpx,,,2586.0,2158.0,3890.469970703125,5.227499961853027,1.8028128147125244,41.35640335083008,23.456401824951172,21.700000762939453,42.599998474121094,5.997071743011475,0.46009865403175354,,,,,,,,,,,,,,,,,,,,,,,0.0,,0.0,,1.0,3976.0,,,,,,,,,,,,,,,,13057376.0,,,,,,,,,,0.0,1.504435420036316,0.0,,,,,""
8978054340,"Apr 29, 2023, 1:33:15 PM",painnn,Walk,,2417,3.11,,,false,,,activities/8978054340.gpx,,,2417.0,2396.0,3116.8701171875,2.487988233566284,1.3008639812469482,28.975000381469727,28.174999237060547,21.700000762939453,42.599998474121094,16.442594528198242,0.025666773319244385,,,80.0,54.62766647338867,,,,,,,,,,,,,,,,,,,0.0,,0.0,,1.0,,,,,,,,,,,,,,,,,13057376.0,,,,,,,,,,0.0,1.2895615100860596,10.699999809265137,,,,4154.0,""
8983923895,"Apr 30, 2023, 11:21:43 AM",Evening Walk,Walk,,5746,7.82,,,false,,,activities/8983923895.gpx,,,5746.0,5606.0,7821.35986328125,3.366015672683716,1.3951765298843384,67.4183349609375,64.9183349609375,21.700000762939453,42.599998474121094,14.224197387695312,0.03196375072002411,,,94.0,56.93659210205078,,,,,,,,,,,,,,,,,,,0.0,,0.0,,1.0,,,,,,,,,,,,,,,,,13057376.0,,,,,,,,,,0.0,1.3611834049224854,0.0,,,,9874.0,""
8990868297,"May 1, 2023, 12:59:32 PM",Evening Walk,Walk,,5116,7.82,,,false,,,activities/8990868297.gpx,,,5116.0,5029.0,7822.490234375,3.522021532058716,1.5554763078689575,67.00838470458984,64.90838623046875,21.700000762939453,42.599998474121094,12.945638656616211,0.026845671236515045,,,107.0,59.677490234375,,,,,,,,,,,,,,,,,,,0.0,,0.0,,1.0,,,,,,,,,,,,,,,,,13057376.0,,,,,,,,,,0.0,1.5290247201919556,0.0,,,,9704.0,""
8995434785,"May 2, 2023, 9:23:36 AM",Afternoon Walk,Walk,,4105,6.68,,,false,,,activities/8995434785.gpx,,,4105.0,4010.0,6682.580078125,4.343994140625,1.6664788722991943,42.16570281982422,44.96570587158203,20.100000381469727,42.400001525878906,19.659542083740234,-0.04189998283982277,,,92.0,64.35234832763672,,,,,,,,,,,,,,,,,,,0.0,,0.0,,1.0,,,,,,,,,,,,,,,,,13057376.0,,,,,,,,,,0.0,1.6279122829437256,935.7000122070312,,,,8082.0,""
9003672069,"May 3, 2023, 4:12:22 PM",Night Run,Run,My leg is back,516,1.38,,,false,,,activities/9003672069.gpx,,,516.0,499.0,1380.5400390625,7.301999568939209,2.766613245010376,8.897200584411621,21.697200775146484,21.5,35.29999923706055,13.979521751403809,-0.927173376083374,,,93.0,85.6059341430664,,,,,,,,,,,,,,,,,,,0.0,,0.0,,1.0,1394.0,,,,,,,,,,,,,,,,13057383.0,,,,,,,,,,0.0,2.6754651069641113,162.60000610351562,,,,1454.0,""
9007326587,"May 4, 2023, 6:27:33 AM",Afternoon Run,Run,,857,1.23,,,false,,,activities/9007326587.gpx,,,857.0,404.0,1230.9200439453125,5.143994331359863,3.0468318462371826,0.0,-0.30000001192092896,5.0,7.0,12.698437690734863,0.02437201328575611,,,91.0,85.48818969726562,,,,,,,,,,,,,,,,,,,0.0,,0.0,,1.0,1235.5999755859375,,,,,,,,,,,,,,,,13057383.0,,,,,,,,,,0.0,1.4363127946853638,0.0,,,,1500.0,""
9007420805,"May 4, 2023, 6:48:10 AM",Afternoon Run,Run,,1301,2.86,,,false,,,activities/9007420805.gpx,,,1301.0,1178.0,2859.9599609375,4.704003810882568,2.427809715270996,0.0,0.0,5.0,7.0,8.032159805297852,0.0,,,92.0,83.3783187866211,,,,,,,,,,,,,,,,,,,0.0,,0.0,,1.0,2869.39990234375,,,,,,,,,,,,,,,,13057383.0,,,,,,,,,,0.0,2.1982781887054443,0.0,,,,2636.0,""
9007529600,"May 4, 2023, 7:10:26 AM",Campus runnerz,Run,,225,0.85,,,false,,,activities/9007529600.gpx,,,225.0,225.0,850.010009765625,4.61199951171875,3.777822256088257,0.0,0.20000000298023224,5.0,7.0,2.5839827060699463,-0.023529134690761566,,,94.0,87.90908813476562,,,,,,,,,,,,,,,,,,,0.0,,0.0,,1.0,853.2999877929688,,,,,,,,,,,,,,,,13057383.0,,,,,,,,,,0.0,3.777822256088257,0.0,,,,664.0,media/f2978307-bb51-406a-98b6-cab3c2f2bd68.jpg
9008981069,"May 4, 2023, 6:02:50 AM",Afternoon Run,Run,,915,2.03,,,false,,,activities/9008981069.gpx,,,915.0,790.0,2038.5400390625,4.4739990234375,2.580430507659912,0.0,-0.800000011920929,5.0,7.0,2.5167784690856934,0.03924377262592316,,,,,,,,,,,,,,,,,,,,,,,,,0.0,,1.0,2042.199951171875,,,,,,,,,,,,,,,,13057376.0,,,,,,,,,,0.0,2.227912664413452,0.0,,,,,""
9014325735,"May 5, 2023, 10:16:29 AM",Evening Run,Run,,1773,5.17,,,false,,,activities/9014325735.gpx,,,1773.0,1688.0,5175.259765625,8.41796875,3.0659122467041016,34.46371841430664,34.163719177246094,24.700000762939453,43.599998474121094,25.443328857421875,0.005796810612082481,,,91.0,84.80162048339844,,,,,,,,,,,,,,,,,,,0.0,,0.0,,1.0,5356.60009765625,,,,,,,,,,,,,,,,13057376.0,,,,,,,,,,0.0,2.9189281463623047,476.79998779296875,,,,4686.0,""
9020790134,"May 6, 2023, 12:25:10 PM",Evening Run,Run,,658,2.05,,,false,,,activities/9020790134.gpx,,,658.0,654.0,2052.52001953125,5.624005317687988,3.1384098529815674,8.165018081665039,8.665018081665039,34.29999923706055,40.099998474121094,14.106572151184082,-0.024360299110412598,,,91.0,85.07395935058594,,,,,,,,,,,,,,,,,,,0.0,,0.0,,1.0,2072.300048828125,,,,,,,,,,,,,,,,13057376.0,,,,,,,,,,0.0,3.1193313598632812,259.3999938964844,,,,1856.0,""
9026413346,"May 7, 2023, 9:05:05 AM",Afternoon Run,Run,,5890,13.18,,,false,,,activities/9026413346.gpx,,,5890.0,5575.0,13182.6396484375,19.587011337280273,2.3645989894866943,156.36367797851562,151.76400756835938,18.700000762939453,40.400001525878906,49.68421173095703,0.03489437699317932,,,96.0,73.99618530273438,,,,,,,,,,,,,,,,,,,0.0,,0.0,,1.0,14060.900390625,,,,,,,,,,,,,,,,13057383.0,,,,,,,,,,2.0,2.2381391525268555,2954.199951171875,,,,11352.0,""
9038632168,"May 9, 2023, 10:28:36 AM",Evening Run,Run,,1087,3.15,,,false,,,activities/9038632168.gpx,,,1087.0,1069.0,3158.199951171875,7.564001560211182,2.9543497562408447,11.455921173095703,12.955921173095703,32.79999923706055,40.0,13.81694221496582,-0.04749540984630585,,,89.0,82.23483276367188,,,,,,,,,,,,,,,,,,,0.0,,0.0,,1.0,3186.699951171875,,,,,,,,,,,,,,,,13057376.0,,,,,,,,,,0.0,2.9054276943206787,332.1000061035156,,,,2940.0,""
9044422205,"May 10, 2023, 8:27:22 AM",ligo sa ulan run,Run,"",855,2.08,,,false,,,activities/9044422205.gpx,,,855.0,743.0,2079.050048828125,4.099999904632568,2.7981832027435303,21.514108657836914,20.414100646972656,14.5,22.600000381469727,8.097128868103027,0.05290877819061279,,,106.0,83.84835052490234,,,,,,,,,,,,,,,,,,,0.0,,0.0,,1.0,2120.89990234375,,,,,,,,,,,,,,,,13057383.0,,,,,,,,,,0.0,2.4316375255584717,120.0999984741211,,,,2106.0,media/4c3c5a62-34b6-47dd-9080-1e2834403a62.jpg
9044599766,"May 10, 2023, 9:22:12 AM",Afternoon Run,Run,,1206,2.35,,,false,,,activities/9044599766.gpx,,,1206.0,894.0,2355.77001953125,4.64801025390625,2.63508939743042,13.384929656982422,6.88493013381958,15.899999618530273,23.100000381469727,14.350987434387207,0.27591827511787415,,,93.0,83.74454498291016,,,,,,,,,,,,,,,,,,,0.0,,0.0,,1.0,2404.10009765625,,,,,,,,,,,,,,,,13057383.0,,,,,,,,,,0.0,1.9533748626708984,702.4000244140625,,,,3080.0,""
9074749981,"May 15, 2023, 10:42:15 AM",Evening Run,Run,,952,3.64,,,false,,,activities/9074749981.gpx,,,952.0,952.0,3640.169921875,6.404000759124756,3.8237078189849854,26.26800537109375,25.168004989624023,35.29999923706055,38.70000076293945,4.320986270904541,0.030218370258808136,,,91.0,85.6125259399414,,,,,,,,,,,,,,,,,,,0.0,,0.0,,1.0,3671.800048828125,,,,,,,,,,,,,,,,13057376.0,,,,,,,,,,0.0,3.8237078189849854,17.399999618530273,,,,2700.0,""
9080592923,"May 16, 2023, 10:20:41 AM",School run,Run,"",561,2.03,,,false,,,activities/9080592923.gpx,,,561.0,561.0,2031.1099853515625,4.718000411987305,3.6205170154571533,0.0,1.2000000476837158,5.0,7.0,3.5056967735290527,-0.05908099561929703,,,94.0,88.60179901123047,,,,,,,,,,,,,,,,,,,0.0,,0.0,,1.0,2036.4000244140625,,,,,,,,,,,,,,,,13057383.0,,,,,,,,,,0.0,3.6205170154571533,0.0,,,,1668.0,media/a6122ec1-5f80-41fb-821e-c1ba9c7596cd.jpg|media/bd6379cd-eaa4-44cb-bb1b-01b0d0407259.jpg
9088358839,"May 17, 2023, 2:53:07 PM",Night Run,Run,,1471,4.02,,,false,,,activities/9088358839.gpx,,,1471.0,1448.0,4019.639892578125,7.132006645202637,2.775994300842285,18.26558494567871,31.46558380126953,22.700000762939453,36.79999923706055,14.26661205291748,-0.32838761806488037,,,96.0,82.89845275878906,,,,,,,,,,,,,,,,,,,0.0,,0.0,,1.0,4075.60009765625,,,,,,,,,,,,,,,,13057376.0,,,,,,,,,,0.0,2.7325899600982666,1379.9000244140625,,,,3874.0,""
9094976887,"May 18, 2023, 3:23:01 PM",Night Run,Run,,1207,3.57,,,false,,,activities/9094976887.gpx,,,1207.0,1193.0,3573.469970703125,5.016015529632568,2.9953646659851074,28.264869689941406,38.264869689941406,16.600000381469727,35.20000076293945,42.813499450683594,-0.27984005212783813,,,98.0,86.0391845703125,,,,,,,,,,,,,,,,,,,0.0,,0.0,,1.0,3691.5,,,,,,,,,,,,,,,,13057376.0,,,,,,,,,,0.0,2.9606213569641113,1525.4000244140625,,,,3480.0,""
9106646030,"May 20, 2023, 1:51:56 PM",Night Run,Run,,1880,5.57,,,false,,,activities/9106646030.gpx,,,1880.0,1859.0,5569.18994140625,5.425000190734863,2.9957988262176514,36.134281158447266,35.33428192138672,22.700000762939453,39.5,28.43142318725586,0.014364746399223804,,,91.0,84.3609390258789,,,,,,,,,,,,,,,,,,,0.0,,0.0,,1.0,5708.7998046875,,,,,,,,,,,,,,,,13057376.0,,,,,,,,,,0.0,2.9623351097106934,2269.0,,,,5128.0,""
9111718981,"May 21, 2023, 9:33:00 AM",Gotham city run,Run,"",4139,11.05,,,false,,,activities/9111718981.gpx,,,4139.0,4115.0,11051.830078125,6.325976371765137,2.6857423782348633,88.31929779052734,87.41929626464844,20.100000381469727,42.599998474121094,47.8985710144043,0.00814344733953476,,,102.0,84.54969787597656,,,,,,,,,,,,,,,,,,,0.0,,0.0,,1.0,11221.2998046875,,,,,,,,,,,,,,,,13057376.0,,,,,,,,,,0.0,2.6701691150665283,2161.800048828125,,,,10910.0,media/14568b33-b3c1-4da5-9309-62ba13f746ee.jpg
9117916992,"May 22, 2023, 9:33:51 AM",Afternoon Run,Run,"",2035,5.50,,,false,,,activities/9117916992.gpx,,,2035.0,1931.0,5499.66015625,5.0970001220703125,2.8480892181396484,34.13051223754883,40.13050079345703,21.700000762939453,42.599998474121094,23.46989631652832,-0.10909765213727951,,,94.0,84.6418228149414,,,,,,,,,,,,,,,,,,,0.0,,0.0,,1.0,5591.89990234375,,,,,,,,,,,,,,,,13057376.0,,,,,,,,,,0.0,2.702535629272461,461.5,,,,5364.0,media/ba1112e7-659f-455b-acca-0e1c9e3666b1.jpg
9124449532,"May 23, 2023, 11:07:39 AM",Evening Run,Run,,825,2.57,,,false,,,activities/9124449532.gpx,,,825.0,822.0,2573.929931640625,4.457995414733887,3.1313016414642334,22.51152801513672,22.51152801513672,21.700000762939453,42.599998474121094,6.920453071594238,0.0,,,94.0,88.3411636352539,,,,,,,,,,,,,,,,,,,0.0,,0.0,,1.0,2599.39990234375,,,,,,,,,,,,,,,,13057376.0,,,,,,,,,,0.0,3.119915008544922,0.0,,,,2404.0,""
9142983116,"May 26, 2023, 9:23:12 AM",Afternoon Run,Run,,3926,10.89,,,false,,,activities/9142983116.gpx,,,3926.0,3723.0,10896.6904296875,5.535986423492432,2.9268574714660645,64.24312591552734,69.14312744140625,22.5,40.099998474121094,16.62056541442871,-0.044967781752347946,,,103.0,83.79255676269531,,,,,,,,,,,,,,,,,,,0.0,,0.0,,1.0,10999.900390625,,,,,,,,,,,,,,,,13057383.0,,,,,,,,,,0.0,2.775519609451294,3861.5,,,,10124.0,""
9150025536,"May 27, 2023, 11:35:09 AM",Evening Run,Run,,6122,15.02,,,false,,,activities/9150025536.gpx,,,6122.0,5791.0,15021.8203125,10.337987899780273,2.593994140625,124.13977813720703,123.73977661132812,17.799999237060547,42.599998474121094,33.78343200683594,0.0026627930346876383,,,105.0,83.48600006103516,,,,,,,,,,,,,,,,,,,0.0,,0.0,,1.0,15353.7001953125,,,,,,,,,,,,,,,,13057376.0,,,,,,,,,,0.0,2.4537439346313477,682.7000122070312,,,,15824.0,""
9162247351,"May 29, 2023, 11:10:38 AM",Evening Run,Run,,2432,6.45,,,false,,,activities/9162247351.gpx,,,2432.0,2192.0,6452.759765625,5.760058403015137,2.943777322769165,33.6402587890625,40.6402587890625,20.299999237060547,40.099998474121094,22.170499801635742,-0.10848071426153183,,,95.0,83.3473892211914,,,,,,,,,,,,,,,,,,,0.0,,0.0,,1.0,6551.89990234375,,,,,,,,,,,,,,,,13057383.0,,,,,,,,,,0.0,2.653272867202759,1844.5,,,,6172.0,""
9168815075,"May 30, 2023, 11:38:51 AM",Evening Run,Run,,2811,6.69,,,false,,,activities/9168815075.gpx,,,2811.0,2485.0,6696.5,14.7960205078125,2.6947686672210693,87.3818588256836,78.98190307617188,-2.700000047683716,42.599998474121094,40.05940628051758,0.1254386603832245,,,104.0,81.9785385131836,,,,,,,,,,,,,,,,,,,0.0,,0.0,,1.0,7084.39990234375,,,,,,,,,,,,,,,,13057376.0,,,,,,,,,,2.0,2.3822484016418457,1688.5999755859375,,,,6690.0,media/79daa5fa-9c76-4c3a-9c9d-66ce8a60eb06.jpg
9175202012,"May 31, 2023, 11:36:13 AM",Asics speed run,Run,"",1378,3.58,,,false,,,activities/9175202012.gpx,,,1378.0,1283.0,3588.550048828125,6.784033298492432,2.796999216079712,19.01311492919922,14.413100242614746,34.70000076293945,42.20000076293945,19.23069190979004,0.1281854808330536,,,111.0,78.23357391357422,,,,,,,,,,,,,,,,,,,0.0,,0.0,,1.0,3635.300048828125,,,,,,,,,,,,,,,,13057383.0,,,,,,,,,,0.0,2.604172706604004,0.0,,,,3324.0,media/02f68652-b554-48c8-984d-60a0dda0dd69.jpg
9207533003,"Jun 5, 2023, 2:25:01 PM",Night Run,Run,,1313,3.54,,,false,,,activities/9207533003.gpx,,,1313.0,1202.0,3543.909912109375,6.138037204742432,2.9483444690704346,9.310151100158691,17.310152053833008,27.299999237060547,40.0,14.734785079956055,-0.22573937475681305,,,102.0,84.36296844482422,,,,,,,,,,,,,,,,,,,0.0,,0.0,,1.0,3551.300048828125,,,,,,,,,,,,,,,,13057376.0,,,,,,,,,,0.0,2.6990935802459717,1214.5999755859375,,,,3318.0,""
9219592444,"Jun 7, 2023, 11:25:31 AM","Rainy 05:30, ASICS runnn",Run,"",3472,10.50,,,false,,,activities/9219592444.gpx,,,3472.0,3438.0,10501.5400390625,17.44399642944336,3.054549217224121,49.13980484008789,50.039798736572266,20.5,39.599998474121094,24.095535278320312,-0.008570171892642975,,,94.0,85.2577896118164,,,,,,,,,,,,,,,,,,,0.0,,0.0,,1.0,10645.5,,,,,,,,,,,,,,,,13057383.0,,,,,,,,,,0.0,3.024637222290039,280.0,,,,9456.0,media/e6fad2df-f12f-486a-9f9c-68484a5d413c.jpg|media/d8b67b43-8a9f-4653-9697-93cb51610025.jpg
9224257196,"Jun 8, 2023, 5:35:33 AM",school runnnz,Run,"",676,2.18,,,false,,,activities/9224257196.gpx,,,676.0,592.0,2179.840087890625,4.948000431060791,3.682162284851074,0.0,0.10000000149011612,5.0,7.0,2.9368321895599365,-0.004587492439895868,,,93.0,89.62963104248047,,,,,,,,,,,,,,,,,,,0.0,,0.0,,1.0,2182.800048828125,,,,,,,,,,,,,,,,13057376.0,,,,,,,,,,0.0,3.2246155738830566,0.0,,,,1740.0,media/4dfc5eb4-6b1a-45e0-9791-930af6eaef7a.jpg
9226359794,"Jun 8, 2023, 12:51:36 PM",Evening Run,Run,,2580,5.80,,,false,,,activities/9226359794.gpx,,,2580.0,2563.0,5807.89990234375,7.344042778015137,2.2660553455352783,54.16194152832031,34.16194152832031,20.200000762939453,42.599998474121094,47.29146957397461,0.34435856342315674,,,93.0,77.97480773925781,,,,,,,,,,,,,,,,,,,0.0,,0.0,,1.0,5989.5,,,,,,,,,,,,,,,,13057383.0,,,,,,,,,,0.0,2.2511239051818848,1685.800048828125,,,,6016.0,""
9235866380,"Jun 10, 2023, 2:16:05 AM",Morning Run,Run,,871,2.01,,,false,,,activities/9235866380.gpx,,,871.0,799.0,2014.25,3.861987352371216,2.520963668823242,18.214160919189453,11.214159965515137,14.100000381469727,24.5,13.73213005065918,0.34752389788627625,,,92.0,82.68087768554688,,,,,,,,,,,,,,,,,,,0.0,,0.0,,1.0,2060.89990234375,,,,,,,,,,,,,,,,13057376.0,,,,,,,,,,0.0,2.3125717639923096,216.0,,,,2202.0,""
9246752176,"Jun 11, 2023, 3:12:11 PM",Night Run,Run,,3965,10.10,,,false,,,activities/9246752176.gpx,,,3965.0,3739.0,10101.08984375,7.064062595367432,2.7015485763549805,56.050254821777344,55.550254821777344,25.5,43.599998474121094,36.78929901123047,0.004949960857629776,,,91.0,81.09280395507812,,,,,,,,,,,,,,,,,,,0.0,,0.0,,1.0,10334.099609375,,,,,,,,,,,,,,,,13057376.0,,,,,,,,,,0.0,2.5475635528564453,2981.5,,,,9940.0,media/eef462ce-81ac-4fee-93e3-27dc9469435f.jpg
9251806615,"Jun 12, 2023, 2:46:38 PM",Night Run,Run,,1822,5.04,,,false,,,activities/9251806615.gpx,,,1822.0,1697.0,5045.89990234375,5.35205078125,2.973423719406128,19.708343505859375,26.908344268798828,22.5,40.0,14.975092887878418,-0.14269010722637177,,,93.0,85.53081512451172,,,,,,,,,,,,,,,,,,,0.0,,0.0,,1.0,5111.7998046875,,,,,,,,,,,,,,,,13057376.0,,,,,,,,,,0.0,2.7694292068481445,1178.9000244140625,,,,4790.0,""
9257307949,"Jun 13, 2023, 12:29:22 PM",Evening Run,Run,,1597,5.02,,,false,,,activities/9257307949.gpx,,,1597.0,1594.0,5027.66015625,5.617999076843262,3.1541154384613037,38.87535095214844,36.97534942626953,32.0,39.599998474121094,11.338861465454102,0.0377909392118454,,,97.0,87.56908416748047,,,,,,,,,,,,,,,,,,,0.0,,0.0,,1.0,5079.7001953125,,,,,,,,,,,,,,,,13057383.0,,,,,,,,,,0.0,3.148190498352051,2077.699951171875,,,,4750.0,""
9263574019,"Jun 14, 2023, 11:39:00 AM",ASICS Long interval 05:00,Run,"",1480,4.43,,,false,,,activities/9263574019.gpx,,,1480.0,1329.0,4435.759765625,7.116015434265137,3.337667226791382,17.027019500732422,17.027000427246094,36.099998474121094,40.5,13.549901962280273,0.0,,,95.0,83.16806030273438,,,,,,,,,,,,,,,,,,,0.0,,0.0,,1.0,4467.2998046875,1686740352.0,3.0,29.65999984741211,34.189998626708984,24.799999237060547,0.75,1009.489990234375,3.380000114440918,6.019999980926514,251.0,0.0,1686691584.0,1686738304.0,0.875,,13057383.0,0.0,1.0,0.7099999785423279,22007.130859375,0.0,,,,,0.0,2.9971349239349365,0.0,,,,3646.0,media/e221e512-49aa-46d8-8b54-b2c5c5b3d720.jpg
9263891740,"Jun 14, 2023, 12:52:33 PM",cooldown,Run,,630,1.69,,,false,,,activities/9263891740.gpx,,,630.0,622.0,1691.260009765625,3.965991258621216,2.7190675735473633,20.647825241088867,14.447826385498047,21.700000762939453,42.599998474121094,5.378754615783691,0.36659058928489685,,,96.0,86.271240234375,,,,,,,,,,,,,,,,,,,0.0,,0.0,,1.0,1723.800048828125,1686744064.0,3.0,29.34000015258789,33.83000183105469,24.84000015258789,0.7699999809265137,1010.030029296875,2.9800000190734863,5.630000114440918,251.0,0.0,1686691584.0,1686738304.0,0.875,,13057383.0,0.0,1.0,0.7599999904632568,23980.900390625,0.0,,,,,0.0,2.684539794921875,0.0,,,,1810.0,""
9271136408,"Jun 15, 2023, 2:53:55 PM",Night Run,Run,,4176,10.16,,,false,,,activities/9271136408.gpx,,,4176.0,3863.0,10161.7998046875,7.900000095367432,2.6305460929870605,64.13105010986328,64.83104705810547,20.200000762939453,44.70000076293945,46.93146514892578,-0.006888543721288443,,,89.0,83.44487762451172,,,,,,,,,,,,,,,,,,,0.0,,0.0,,1.0,10316.599609375,1686837632.0,5.0,26.43000030517578,30.100000381469727,24.170000076293945,0.8700000047683716,1011.030029296875,1.899999976158142,3.2300000190734863,145.0,1.5,1686777984.0,1686824704.0,0.875,,13057376.0,0.75,5.0,0.7099999785423279,24866.640625,0.0,,,,,0.0,2.4333810806274414,2370.699951171875,,,,10560.0,""
9276278856,"Jun 16, 2023, 12:03:47 PM",Evening Run,Run,,3778,8.31,,,false,,,activities/9276278856.gpx,,,3778.0,3407.0,8311.9697265625,4.613965034484863,2.439674139022827,63.25185775756836,63.85185623168945,21.700000762939453,46.29999923706055,42.76755905151367,-0.007218505721539259,,,93.0,80.51419830322266,,,,,,,,,,,,,,,,,,,0.0,,0.0,,1.0,8549.400390625,1686916864.0,3.0,29.31999969482422,33.7400016784668,24.719999313354492,0.7599999904632568,1010.1599731445312,2.059999942779541,4.96999979019165,139.0,0.0,1686864384.0,1686911104.0,0.0,,13057383.0,0.75,5.0,0.6800000071525574,27434.80078125,0.0,,,,,0.0,2.2000977993011475,1447.300048828125,,,,8948.0,""
9293829609,"Jun 19, 2023, 10:13:49 AM",Evening Run,Run,,2306,6.34,,,false,,,activities/9293829609.gpx,,,2306.0,2198.0,6340.2998046875,6.004004001617432,2.8845767974853516,25.832853317260742,24.13285255432129,31.5,39.599998474121094,17.284263610839844,0.026812613010406494,,,94.0,84.05743408203125,,,,,,,,,,,,,,,,,,,0.0,,0.0,,1.0,6428.2001953125,1687168768.0,5.0,30.020000457763672,34.540000915527344,24.700000762939453,0.7300000190734863,1008.6699829101562,2.1500000953674316,4.760000228881836,226.0,1.0,1687123712.0,1687170432.0,0.125,,13057383.0,0.5799999833106995,5.0,0.699999988079071,20523.830078125,0.0,,,,,0.0,2.7494795322418213,1071.300048828125,,,,6058.0,""
9307031150,"Jun 21, 2023, 12:02:48 PM",Evening Run,Run,"",631,1.81,,,false,,,activities/9307031150.gpx,,,631.0,586.0,1811.550048828125,7.684008598327637,3.0913822650909424,6.368449687957764,7.868450164794922,36.099998474121094,40.0,11.627899169921875,-0.08280202001333237,,,107.0,78.05400085449219,,,,,,,,,,,,,,,,,,,0.0,,0.0,,1.0,1819.699951171875,1687348736.0,5.0,28.6299991607666,32.849998474121094,24.59000015258789,0.7900000214576721,1010.1500244140625,2.200000047683716,4.409999847412109,180.0,1.600000023841858,1687296512.0,1687343232.0,0.125,,13057376.0,0.7200000286102295,5.0,0.8500000238418579,13331.4599609375,0.0,,,,,0.0,2.8709192276000977,0.0,,,,1602.0,media/4ec010c7-c699-4f40-a58d-f20905399d30.jpg
9307311622,"Jun 21, 2023, 12:48:41 PM",Evening Run,Run,,964,1.71,,,false,,,activities/9307311622.gpx,,,964.0,673.0,1711.5,3.919999599456787,2.543090581893921,7.852083206176758,23.25208282470703,21.700000762939453,46.5,4.395598411560059,-0.8997954726219177,,,93.0,86.0952377319336,,,,,,,,,,,,,,,,,,,0.0,,0.0,,1.0,1699.9000244140625,1687348736.0,5.0,28.639999389648438,32.869998931884766,24.59000015258789,0.7900000214576721,1010.1500244140625,2.190000057220459,4.409999847412109,180.0,1.7000000476837158,1687296512.0,1687343232.0,0.125,,13057376.0,0.7200000286102295,5.0,0.8500000238418579,13294.2900390625,0.0,,,,,0.0,1.7754149436950684,396.5,,,,1916.0,""
9317612262,"Jun 23, 2023, 5:24:24 AM",Afternoon Run,Run,,855,1.86,,,false,,,activities/9317612262.gpx,,,855.0,851.0,1863.4599609375,3.3819823265075684,2.189729690551758,17.73314666748047,9.833146095275879,14.399999618530273,24.5,13.313590049743652,0.42394256591796875,,,91.0,83.56617736816406,,,,,,,,,,,,,,,,,,,0.0,,0.0,,1.0,1907.0,1687496448.0,2.0,33.45000076293945,38.380001068115234,24.399999618530273,0.5899999737739563,1007.760009765625,2.0799999237060547,5.880000114440918,129.0,0.0,1687469312.0,1687516032.0,0.125,,13057376.0,0.3700000047683716,5.0,0.5899999737739563,37061.16015625,7.0,,,,,0.0,2.179485321044922,191.10000610351562,,,,2136.0,""
9327476445,"Jun 24, 2023, 4:21:45 PM",First Half Marathon :>,Run,,9602,21.13,,,false,,,activities/9327476445.gpx,,,9602.0,9079.0,21132.75,10.268229484558105,2.3276517391204834,252.62557983398438,240.9255828857422,14.300000190734863,70.5999984741211,49.99678039550781,0.055364303290843964,,,97.0,81.80352783203125,,,,,,,,,,,,,,,,,,,0.0,,0.0,,1.0,22487.80078125,1687622400.0,5.0,27.65999984741211,31.850000381469727,24.790000915527344,0.8399999737739563,1008.989990234375,1.559999942779541,3.630000114440918,334.0,0.20000000298023224,1687642112.0,1687688832.0,0.125,,13861236.0,0.9300000071525574,5.0,0.7099999785423279,24400.5390625,0.0,,,,,0.0,2.200869560241699,3070.10009765625,,,,22936.0,""
9337809522,"Jun 26, 2023, 1:33:08 PM",Night Run,Run,,963,2.50,,,false,,,activities/9337809522.gpx,,,963.0,956.0,2500.840087890625,3.7979979515075684,2.6159415245056152,20.673913955688477,20.673913955688477,21.700000762939453,42.599998474121094,5.272405624389648,0.0,,,92.0,85.02132415771484,,,,,,,,,,,,,,,,,,,0.0,,0.0,,1.0,2523.5,1687784448.0,3.0,27.65999984741211,31.540000915527344,24.239999771118164,0.8199999928474426,1008.8800048828125,1.3899999856948853,3.2100000381469727,77.0,1.100000023841858,1687728512.0,1687775232.0,0.25,,13057383.0,0.8999999761581421,5.0,0.9900000095367432,23247.099609375,0.0,,,,,0.0,2.59692645072937,0.0,,,,2726.0,""
9337861413,"Jun 26, 2023, 1:53:58 PM",Night Run,Run,"",353,1.19,,,false,,,activities/9337861413.gpx,,,353.0,353.0,1192.4300537109375,4.532006740570068,3.377988815307617,16.760356903076172,14.160400390625,18.799999237060547,35.29999923706055,44.02515411376953,0.21804213523864746,,,92.0,87.16569519042969,,,,,,,,,,,,,,,,,,,0.0,,0.0,,1.0,1302.699951171875,1687784448.0,3.0,27.65999984741211,31.540000915527344,24.239999771118164,0.8199999928474426,1008.8800048828125,1.3899999856948853,3.2100000381469727,77.0,1.100000023841858,1687728512.0,1687775232.0,0.25,,13057383.0,0.8999999761581421,5.0,0.9900000095367432,23247.099609375,0.0,,,,,0.0,3.377988815307617,0.0,,,,1028.0,""
9356717296,"Jun 29, 2023, 12:59:00 PM",Easy run,Run,,1668,2.52,,,false,,,activities/9356717296.gpx,,,1668.0,1665.0,2522.570068359375,3.049999952316284,1.51505708694458,20.669811248779297,20.669811248779297,21.700000762939453,42.599998474121094,8.759116172790527,0.0,,,86.0,67.61466979980469,,,,,,,,,,,,,,,,,,,0.0,,0.0,,1.0,2548.39990234375,1688039936.0,3.0,28.290000915527344,32.5099983215332,24.670000076293945,0.8100000023841858,1009.489990234375,1.840000033378601,3.309999942779541,231.0,0.0,1687987840.0,1688034560.0,0.375,,13861236.0,0.9300000071525574,5.0,0.9800000190734863,18198.400390625,0.0,,,,,0.0,1.5123322010040283,0.0,,,,3590.0,""
9370727658,"Jul 1, 2023, 7:05:47 PM",Lazada Run,Run,02:26:37,8907,20.41,,,false,"",,activities/9370727658.gpx,,,8907.0,8559.0,20410.080078125,4.112109184265137,2.384633779525757,37.362281799316406,38.362300872802734,7.400000095367432,15.5,34.79905319213867,-0.004899539984762669,,,97.0,84.7570571899414,,,,,,,,,,,,,,,,,,,0.0,,0.0,,1.0,20467.69921875,1688237952.0,3.0,26.56999969482422,30.260000228881836,24.170000076293945,0.8700000047683716,1010.3699951171875,1.4199999570846558,2.1500000953674316,82.0,0.0,1688247040.0,1688293760.0,0.375,,13861236.0,0.7599999904632568,5.0,0.8500000238418579,26917.9609375,0.0,,,,,0.0,2.2914650440216064,1658.5,,,,24316.0,media/7360b9eb-18f7-4813-b756-d8650d07430e.jpg|media/41399291-1974-44fa-8515-e2fd27f26bbf.jpg
9392581910,"Jul 5, 2023, 11:33:00 AM",ASICS 5k,Run,"",1877,5.71,,,false,,,activities/9392581910.gpx,,,1877.0,1642.0,5717.60009765625,9.26300048828125,3.4820950031280518,24.122299194335938,29.722299575805664,30.399999618530273,41.400001525878906,15.644272804260254,-0.09794319421052933,,,97.0,84.52754974365234,,,,,,,,,,,,,,,,,,,0.0,,0.0,,1.0,5804.60009765625,1688554752.0,1.0,31.6299991607666,35.97999954223633,24.010000228881836,0.6399999856948853,1008.3800048828125,3.559999942779541,6.929999828338623,114.0,0.0,1688506240.0,1688552960.0,0.625,,13057376.0,0.4399999976158142,5.0,0.23000000417232513,32555.150390625,0.0,,,,,0.0,3.046137571334839,971.2000122070312,,,,4394.0,""
9393040073,"Jul 5, 2023, 1:08:37 PM",Night Run,Run,,1247,1.80,,,false,,,activities/9393040073.gpx,,,1247.0,1068.0,1801.8399658203125,2.989000082015991,1.687116026878357,13.411348342895508,18.711349487304688,21.700000762939453,42.29999923706055,6.309152126312256,-0.29414376616477966,,,86.0,68.85208129882812,,,,,,,,,,,,,,,,,,,0.0,,0.0,,1.0,1808.699951171875,1688562048.0,2.0,30.290000915527344,34.540000915527344,24.200000762939453,0.699999988079071,1009.6400146484375,3.5299999713897705,6.360000133514404,120.0,0.0,1688506240.0,1688552960.0,0.625,,13057376.0,0.46000000834465027,5.0,0.4399999976158142,31493.9296875,0.0,,,,,0.0,1.4449398517608643,0.0,,,,2544.0,""
9398875767,"Jul 6, 2023, 10:48:08 AM",Easy 10,Run,"",4644,10.70,,,false,,,activities/9398875767.gpx,,,4644.0,4534.0,10702.2099609375,3.768017530441284,2.3604345321655273,86.52237701416016,83.52239990234375,21.700000762939453,42.599998474121094,6.265679359436035,0.028031593188643456,,,89.0,83.8400650024414,,,,,,,,,,,,,,,,,,,0.0,,0.0,,1.0,10808.7001953125,1688637568.0,2.0,33.220001220703125,38.220001220703125,24.559999465942383,0.6100000143051147,1008.9299926757812,2.509999990463257,5.929999828338623,202.0,0.699999988079071,1688592768.0,1688639360.0,0.625,,13057376.0,0.44999998807907104,5.0,0.5,18551.01953125,0.0,,,,,0.0,2.3045241832733154,0.0,,,,12768.0,""
9399025129,"Jul 6, 2023, 12:16:25 PM",Evening Run,Run,,845,2.53,,,false,,,activities/9399025129.gpx,,,845.0,841.0,2529.35009765625,4.01200008392334,3.0075507164001465,33.243568420410156,35.5435676574707,16.0,42.20000076293945,46.341453552246094,-0.0909324511885643,,,92.0,86.6634521484375,,,,,,,,,,,,,,,,,,,0.0,,0.0,,1.0,2691.300048828125,1688644864.0,2.0,30.360000610351562,35.040000915527344,24.850000381469727,0.7200000286102295,1010.4400024414062,2.140000104904175,4.340000152587891,187.0,0.5,1688592768.0,1688639360.0,0.625,,13057376.0,0.36000001430511475,5.0,0.4099999964237213,30276.619140625,0.0,,,,,0.0,2.993313789367676,11.699999809265137,,,,2508.0,""
9405019567,"Jul 7, 2023, 11:01:33 AM",Evening Run,Run,,2438,5.78,,,false,,,activities/9405019567.gpx,,,2438.0,2270.0,5779.72021484375,5.247949123382568,2.5461323261260986,53.64845657348633,62.34845733642578,19.0,46.20000076293945,42.91926574707031,-0.15052631497383118,,,104.0,84.12386322021484,,,,,,,,,,,,,,,,,,,0.0,,0.0,,1.0,6004.39990234375,1688727552.0,3.0,30.540000915527344,35.02000045776367,24.489999771118164,0.699999988079071,1010.8300170898438,2.059999942779541,5.579999923706055,54.0,0.0,1688679168.0,1688725760.0,0.625,,13057376.0,0.4300000071525574,5.0,0.7300000190734863,23576.029296875,0.0,,,,,0.0,2.370681047439575,1694.699951171875,,,,6184.0,""
9412173670,"Jul 8, 2023, 1:51:59 PM",Night Run,Run,,1567,4.13,,,false,,,activities/9412173670.gpx,,,1567.0,1319.0,4133.10009765625,5.397997856140137,3.1335103511810303,34.32535934448242,19.62535858154297,22.5,42.599998474121094,46.586299896240234,0.3556652367115021,,,93.0,85.269775390625,,,,,,,,,,,,,,,,,,,0.0,,0.0,,1.0,4249.7001953125,1688821248.0,5.0,30.420000076293945,34.83000183105469,24.40999984741211,0.699999988079071,1011.6500244140625,1.2300000190734863,4.110000133514404,311.0,0.20000000298023224,1688765568.0,1688812160.0,0.625,,13057383.0,0.3199999928474426,5.0,0.6600000262260437,21831.810546875,0.0,,,,,0.0,2.637587785720825,1443.4000244140625,,,,3584.0,""
9417515823,"Jul 9, 2023, 10:40:03 AM",Evening Run,Run,,1765,2.50,,,false,,,activities/9417515823.gpx,,,1765.0,1477.0,2508.840087890625,2.7699952125549316,1.6986052989959717,20.899999618530273,20.899999618530273,21.700000762939453,42.599998474121094,5.979071140289307,0.0,,,86.0,68.35651397705078,,,,,,,,,,,,,,,,,,,0.0,,0.0,,1.0,2532.699951171875,1688896768.0,5.0,31.690000534057617,35.939998626708984,23.829999923706055,0.6299999952316284,1008.4099731445312,1.7699999809265137,5.559999942779541,183.0,0.30000001192092896,1688851968.0,1688898560.0,0.75,,13057376.0,0.4699999988079071,5.0,0.6899999976158142,19462.8203125,0.0,,,,,0.0,1.4214391708374023,0.0,,,,3584.0,""
9418239740,"Jul 9, 2023, 12:05:47 PM",Evening Run,Run,,3234,7.49,,,false,,,activities/9418239740.gpx,,,3234.0,3112.0,7498.4501953125,8.901989936828613,2.4095277786254883,64.21929931640625,68.71929931640625,21.5,43.400001525878906,45.62381362915039,-0.06001240015029907,,,91.0,82.99254608154297,,,,,,,,,,,,,,,,,,,0.0,,0.0,,1.0,7689.60009765625,1688903936.0,3.0,27.200000762939453,30.489999771118164,23.25,0.7900000214576721,1009.8300170898438,1.399999976158142,5.519999980926514,182.0,0.0,1688851968.0,1688898560.0,0.75,,13057376.0,0.5699999928474426,5.0,0.7300000190734863,28054.2890625,0.0,,,,,0.0,2.3186302185058594,751.4000244140625,,,,7714.0,""
9423816098,"Jul 10, 2023, 11:34:09 AM",Evening Run,Run,,2102,5.49,,,false,,,activities/9423816098.gpx,,,2102.0,1960.0,5497.9501953125,6.245995998382568,2.8050765991210938,53.22400665283203,54.424007415771484,21.100000381469727,42.599998474121094,45.455230712890625,-0.02182631567120552,,,91.0,85.18385314941406,,,,,,,,,,,,,,,,,,,0.0,,0.0,,1.0,5755.7998046875,1688986752.0,3.0,31.270000457763672,35.849998474121094,24.459999084472656,0.6700000166893005,1007.530029296875,2.4100000858306885,5.409999847412109,141.0,0.0,1688938368.0,1688984960.0,0.875,,13057376.0,0.2800000011920929,5.0,0.7400000095367432,27148.33984375,0.0,,,,,0.0,2.6155805587768555,330.79998779296875,,,,5506.0,""
9423892202,"Jul 10, 2023, 12:18:14 PM",Evening Run,Run,,322,1.20,,,false,,,activities/9423892202.gpx,,,322.0,319.0,1199.81005859375,6.104001045227051,3.761160135269165,0.0,18.299999237060547,21.700000762939453,41.20000076293945,1.4738452434539795,-1.5252413749694824,,,96.0,91.0,,,,,,,,,,,,,,,,,,,0.0,,0.0,,1.0,1165.800048828125,1688990464.0,3.0,30.700000762939453,35.09000015258789,24.309999465942383,0.6899999976158142,1008.0599975585938,2.4600000381469727,5.070000171661377,121.0,0.0,1688938368.0,1688984960.0,0.875,,13057376.0,0.25,5.0,0.6800000071525574,28740.109375,0.0,,,,,0.0,3.7261180877685547,0.0,,,,978.0,""
9443727584,"Jul 13, 2023, 1:51:37 PM",warm up,Run,,782,1.79,,,false,,,activities/9443727584.gpx,,,782.0,680.0,1791.5400390625,6.021996974945068,2.634617805480957,20.44978141784668,10.849781036376953,22.799999237060547,36.099998474121094,46.91568374633789,0.5358518362045288,,,91.0,81.78382873535156,,,,,,,,,,,,,,,,,,,0.0,,0.0,,1.0,1870.9000244140625,1689253248.0,5.0,24.700000762939453,28.100000381469727,24.100000381469727,0.9599999785423279,1005.5399780273438,2.9100000858306885,4.190000057220459,244.0,2.200000047683716,1689197696.0,1689244160.0,0.875,,13057383.0,0.9900000095367432,5.0,0.9800000190734863,9962.8701171875,0.0,,,,,0.0,2.2909719944000244,449.29998779296875,,,,1732.0,""
9443793478,"Jul 13, 2023, 2:06:55 PM",Ded,Run,"",595,2.01,,,false,,,activities/9443793478.gpx,,,595.0,546.0,2013.1099853515625,5.751989841461182,3.687014579772949,6.684999942779541,13.28499984741211,30.399999618530273,43.70000076293945,9.352017402648926,-0.32785093784332275,,,95.0,87.53294372558594,,,,,,,,,,,,,,,,,,,0.0,,0.0,,1.0,2013.5999755859375,1689256832.0,5.0,24.8700008392334,28.299999237060547,24.110000610351562,0.9599999785423279,1005.9099731445312,3.640000104904175,4.659999847412109,250.0,2.0,1689197696.0,1689244160.0,0.875,,13057383.0,0.9900000095367432,5.0,0.9800000190734863,9703.08984375,0.0,,,,,0.0,3.383378028869629,949.4000244140625,,,,1560.0,""
9444152306,"Jul 13, 2023, 2:22:18 PM",Easy,Run,"",3772,8.17,,,false,,,activities/9444152306.gpx,,,3772.0,3750.0,8177.259765625,4.901953220367432,2.180602550506592,51.671302795410156,57.97129821777344,20.200000762939453,42.599998474121094,48.75873947143555,-0.07704292237758636,,,91.0,81.20355987548828,,,,,,,,,,,,,,,,,,,0.0,,0.0,,1.0,8351.0,1689256832.0,5.0,24.90999984741211,28.3700008392334,24.15999984741211,0.9599999785423279,1005.8800048828125,3.740000009536743,4.96999979019165,245.0,2.0,1689197696.0,1689244160.0,0.875,,13057383.0,0.9900000095367432,5.0,0.9900000095367432,10072.98046875,0.0,,,,,0.0,2.167884349822998,871.5999755859375,,,,9088.0,""
9463362122,"Jul 16, 2023, 4:22:07 PM",warm up,Run,"",576,1.25,,,false,,,activities/9463362122.gpx,,,576.0,519.0,1254.6099853515625,3.832000732421875,2.417360305786133,14.156838417053223,9.656800270080566,22.5,32.900001525878906,49.868797302246094,0.3586772084236145,,,89.0,80.42825317382812,,,,,,,,,,,,,,,,,,,0.0,,0.0,,1.0,1296.0999755859375,,,,,,,,,,,,,,,,13057383.0,,,,,,,,,,0.0,2.1781423091888428,158.6999969482422,,,,1358.0,""
9464058376,"Jul 16, 2023, 4:33:07 PM",Super rainy easy 10,Run,"",6978,10.34,,,false,"",,activities/9464058376.gpx,,,6978.0,5588.0,10348.4404296875,5.645898342132568,1.8519041538238525,77.10728454589844,83.7072982788086,22.5,45.0,38.585174560546875,-0.06377772986888885,,,94.0,85.14550018310547,,,,,,,,,,,,,,,,,,,0.0,,0.0,,1.0,10654.400390625,,,,,,,,,,,,,,,,13057383.0,,,,,,,,,,0.0,1.4830095767974854,1738.699951171875,,,,10498.0,""
9467810259,"Jul 17, 2023, 11:57:54 AM",Easy 10,Run,,4003,10.07,,,false,,,activities/9467810259.gpx,,,4003.0,3891.0,10074.73046875,4.544000148773193,2.5892393589019775,84.83983612060547,84.73983764648438,21.700000762939453,42.599998474121094,6.6040167808532715,0.0009925824124366045,,,92.0,85.651123046875,,,,,,,,,,,,,,,,,,,0.0,,0.0,,1.0,10166.7001953125,,,,,,,,,,,,,,,,13057376.0,,,,,,,,,,0.0,2.5167949199676514,0.0,,,,11044.0,""
9473737212,"Jul 18, 2023, 11:15:01 AM",Adidas run,Run,"",929,2.51,,,false,,,activities/9473737212.gpx,,,929.0,896.0,2511.110107421875,4.777978420257568,2.8025782108306885,9.435194969177246,9.835189819335938,32.5,38.79999923706055,11.571843147277832,-0.01592920906841755,,,91.0,85.3838119506836,,,,,,,,,,,,,,,,,,,0.0,,0.0,,1.0,2529.10009765625,,,,,,,,,,,,,,,,13861236.0,,,,,,,,,,0.0,2.7030248641967773,327.0,,,,2516.0,""
9474439811,"Jul 18, 2023, 11:30:41 AM",Adidas HIIT,Workout,ded,3600,0,,,false,,,,,,3600.0,3600.0,0.0,,0.0,0.0,,,,,0.0,,,,,,,,,,,,,,,,,,,,,,,0.0,,0.0,,0.0,,,,,,,,,,,,,,,,,,,,,,,,,,,0.0,0.0,0.0,,,,,""
9480683818,"Jul 19, 2023, 11:26:50 AM",ASICS 2x3km,Run,,2121,7.31,,,false,,,activities/9480683818.gpx,,,2121.0,2094.0,7309.43994140625,7.882031440734863,3.49065899848938,24.256757736206055,25.456756591796875,36.099998474121094,43.099998474121094,24.026376724243164,-0.01641712710261345,,,92.0,85.79644775390625,,,,,,,,,,,,,,,,,,,0.0,,0.0,,1.0,7380.89990234375,,,,,,,,,,,,,,,,13057383.0,,,,,,,,,,0.0,3.446223497390747,0.0,,,,5994.0,""
9481223976,"Jul 19, 2023, 1:21:36 PM",Para 10k todae,Run,,793,2.56,,,false,,,activities/9481223976.gpx,,,793.0,726.0,2560.159912109375,5.878003120422363,3.52639102935791,9.313095092773438,26.51309585571289,22.5,42.0,17.744871139526367,-0.6718330383300781,,,93.0,85.56005859375,,,,,,,,,,,,,,,,,,,0.0,,0.0,,1.0,2558.5,,,,,,,,,,,,,,,,13057383.0,,,,,,,,,,0.0,3.2284488677978516,1467.5,,,,2070.0,""
9485904363,"Jul 20, 2023, 5:42:36 AM",Afternoon Run,Run,"",1310,3.24,,,false,,,activities/9485904363.gpx,,,1310.0,1202.0,3241.719970703125,6.52197265625,2.6969385147094727,0.0,0.0,5.099999904632568,6.900000095367432,2.5906014442443848,0.0,,,,,,,,,,,,,,,,,,,,,,,0.0,,0.0,,1.0,3250.300048828125,,,,,,,,,,,,,,,,13057383.0,,,,,,,,,,0.0,2.474595308303833,0.0,,,,,""
9486827640,"Jul 20, 2023, 11:13:15 AM",warm up,Run,,291,0.81,,,false,,,activities/9486827640.gpx,,,291.0,291.0,809.780029296875,5.13800048828125,2.7827491760253906,3.0850000381469727,5.184999942779541,28.600000381469727,34.29999923706055,5.076138973236084,-0.2593296766281128,,,87.0,82.96726989746094,,,,,,,,,,,,,,,,,,,0.0,,0.0,,1.0,812.2000122070312,,,,,,,,,,,,,,,,13057376.0,,,,,,,,,,0.0,2.7827491760253906,405.3999938964844,,,,802.0,""
9487122938,"Jul 20, 2023, 11:31:03 AM",Adidas speed ,Run,,2048,7.18,,,false,,,activities/9487122938.gpx,,,2048.0,2035.0,7184.33984375,6.510058403015137,3.530388116836548,32.989959716796875,35.28995895385742,30.399999618530273,35.099998474121094,7.853262424468994,-0.03201407566666603,,,96.0,88.37995910644531,,,,,,,,,,,,,,,,,,,0.0,,0.0,,1.0,7224.2001953125,,,,,,,,,,,,,,,,13861236.0,,,,,,,,,,0.0,3.5079784393310547,1730.0999755859375,,,,5842.0,""
9487699294,"Jul 20, 2023, 1:40:33 PM",Pauwi naaa,Run,,306,1.09,,,false,,,activities/9487699294.gpx,,,306.0,306.0,1093.43994140625,6.932000160217285,3.5733330249786377,11.239706039428711,12.739706039428711,23.200000762939453,31.600000381469727,13.291975975036621,-0.13718174397945404,,,92.0,85.95317840576172,,,,,,,,,,,,,,,,,,,0.0,,0.0,,1.0,1114.0999755859375,,,,,,,,,,,,,,,,13861236.0,,,,,,,,,,0.0,3.5733330249786377,229.10000610351562,,,,862.0,""
9500397127,"Jul 22, 2023, 2:27:34 PM",warm up,Run,,600,1.25,,,false,,,activities/9500397127.gpx,,,600.0,546.0,1252.0899658203125,3.371997117996216,2.2932050228118896,20.133384704589844,0.5333850979804993,21.200000762939453,41.900001525878906,5.719738483428955,1.565382719039917,,,88.0,80.61972045898438,,,,,,,,,,,,,,,,,,,0.0,,0.0,,1.0,1311.0,,,,,,,,,,,,,,,,13057376.0,,,,,,,,,,0.0,2.0868165493011475,3.700000047683716,,,,1492.0,""
9500551212,"Jul 22, 2023, 2:42:03 PM",Night Run,Run,,1046,3.16,,,false,,,activities/9500551212.gpx,,,1046.0,1014.0,3168.860107421875,6.621996879577637,3.125108480453491,10.227201461791992,17.927202224731445,30.399999618530273,45.29999923706055,14.53495979309082,-0.24298958480358124,,,94.0,87.00847625732422,,,,,,,,,,,,,,,,,,,0.0,,0.0,,1.0,3170.199951171875,,,,,,,,,,,,,,,,13057376.0,,,,,,,,,,0.0,3.0295028686523438,603.5,,,,2810.0,""
9500793105,"Jul 22, 2023, 3:02:48 PM",Night Run,Run,,1868,4.47,,,false,,,activities/9500793105.gpx,,,1868.0,1794.0,4477.7099609375,6.171972751617432,2.495936393737793,16.638858795166016,24.33885955810547,27.5,36.70000076293945,10.097236633300781,-0.1719629019498825,,,97.0,77.01123809814453,,,,,,,,,,,,,,,,,,,0.0,,0.0,,1.0,4490.89990234375,,,,,,,,,,,,,,,,13057376.0,,,,,,,,,,0.0,2.3970611095428467,1001.7999877929688,,,,3914.0,""
9506044539,"Jul 23, 2023, 12:15:23 PM",Evening Run,Run,,1890,5.36,,,false,,,activities/9506044539.gpx,,,1890.0,1877.0,5362.43994140625,4.555999755859375,2.8569204807281494,40.37244415283203,52.572444915771484,21.200000762939453,41.79999923706055,5.804283618927002,-0.22750838100910187,,,94.0,88.37324523925781,,,,,,,,,,,,,,,,,,,0.0,,0.0,,1.0,5380.2001953125,,,,,,,,,,,,,,,,13057376.0,,,,,,,,,,0.0,2.8372697830200195,0.0,,,,5534.0,""
9511658979,"Jul 24, 2023, 10:53:08 AM",Evening Run,Run,,1696,2.20,,,false,,,activities/9511658979.gpx,,,1696.0,1261.0,2206.679931640625,3.8328683376312256,1.7499444484710693,27.664592742919922,17.26459312438965,21.200000762939453,41.79999923706055,30.980884552001953,0.4712962508201599,,,87.0,64.87432861328125,,,,,,,,,,,,,,,,,,,0.0,,0.0,,1.0,2281.199951171875,,,,,,,,,,,,,,,,13057376.0,,,,,,,,,,0.0,1.301108479499817,127.80000305175781,,,,2992.0,""
9517642772,"Jul 25, 2023, 11:09:57 AM",adidas warm up,Run,"",645,1.76,,,false,"",,activities/9517642772.gpx,,,645.0,639.0,1766.1600341796875,5.178002834320068,2.763943672180176,6.850478649139404,9.150480270385742,28.600000381469727,34.5,5.208324432373047,-0.1302260309457779,,,92.0,84.6318359375,,,,,,,,,,,,,,,,,,,0.0,,0.0,,1.0,1770.4000244140625,,,,,,,,,,,,,,,,13861236.0,,,,,,,,,,0.0,2.7382326126098633,284.8999938964844,,,,1800.0,""
9518165796,"Jul 25, 2023, 12:32:52 PM",Evening Run,Run,"",392,1.56,,,false,"",,activities/9518165796.gpx,,,392.0,392.0,1566.5799560546875,5.741998195648193,3.996377468109131,3.7562499046325684,4.856249809265137,30.399999618530273,34.29999923706055,7.978702545166016,-0.07021665573120117,,,96.0,91.11488342285156,,,,,,,,,,,,,,,,,,,0.0,,0.0,,1.0,1572.5,,,,,,,,,,,,,,,,13861236.0,,,,,,,,,,0.0,3.996377468109131,555.4000244140625,,,,1172.0,""
9518174007,"Jul 25, 2023, 11:20:56 AM",adidas Yoga,Yoga,"",3600,0,,,false,,,,,,3600.0,3600.0,0.0,,0.0,0.0,,,,,0.0,,,,,,,,,,,,,,,,,,,,,,,0.0,,0.0,,0.0,,,,,,,,,,,,,,,,,,,,,,,,,,,0.0,0.0,0.0,,,,,""
9518230268,"Jul 25, 2023, 12:47:29 PM",Evening Run,Run,,226,1.05,,,false,,,activities/9518230268.gpx,,,226.0,226.0,1053.1300048828125,6.511999607086182,4.659867286682129,2.7333333492279053,2.2333333492279053,34.79999923706055,37.70000076293945,4.7137932777404785,0.04747752100229263,,,97.0,93.19731140136719,,,,,,,,,,,,,,,,,,,0.0,,0.0,,1.0,1057.699951171875,,,,,,,,,,,,,,,,13861236.0,,,,,,,,,,0.0,4.659867286682129,467.29998779296875,,,,696.0,""
9524092309,"Jul 26, 2023, 10:41:32 AM","warm up, sana di umulan",Run,,611,1.70,,,false,,,activities/9524092309.gpx,,,611.0,597.0,1702.449951171875,4.0780029296875,2.851675033569336,11.472916603088379,3.6729166507720947,28.0,37.70000076293945,8.40334415435791,0.4581632614135742,,,91.0,84.66666412353516,,,,,,,,,,,,,,,,,,,0.0,,0.0,,1.0,1729.9000244140625,,,,,,,,,,,,,,,,13057383.0,,,,,,,,,,0.0,2.7863337993621826,515.0999755859375,,,,1636.0,""
9524374813,"Jul 26, 2023, 11:10:07 AM",Evening Run,Run,"",1603,5.56,,,false,,,activities/9524374813.gpx,,,1603.0,1603.0,5561.3701171875,5.193945407867432,3.469351291656494,23.97011947631836,23.870100021362305,34.79999923706055,37.70000076293945,6.196730136871338,0.0017981179989874363,,,97.0,89.0389175415039,,,,,,,,,,,,,,,,,,,0.0,,0.0,,1.0,5582.39990234375,,,,,,,,,,,,,,,,13057383.0,,,,,,,,,,0.0,3.469351291656494,1998.5999755859375,,,,4758.0,""
9524609368,"Jul 26, 2023, 11:53:50 AM",Evening Run,Run,,526,1.60,,,false,,,activities/9524609368.gpx,,,526.0,505.0,1602.9000244140625,6.693994045257568,3.1740593910217285,9.616013526916504,26.916013717651367,20.600000381469727,38.20000076293945,41.3966064453125,-1.0792937278747559,,,92.0,84.38228607177734,,,,,,,,,,,,,,,,,,,0.0,,0.0,,1.0,1675.5,,,,,,,,,,,,,,,,13057376.0,,,,,,,,,,0.0,3.0473384857177734,669.7999877929688,,,,1382.0,""
9550581248,"Jul 30, 2023, 3:02:28 PM",warm up ulan,Run,,467,1.25,,,false,,,activities/9550581248.gpx,,,467.0,412.0,1257.22998046875,4.885998725891113,3.0515291690826416,14.250285148620605,4.350285530090332,20.399999618530273,30.700000762939453,40.47058868408203,0.7874454259872437,,,91.0,79.13636016845703,,,,,,,,,,,,,,,,,,,0.0,,0.0,,1.0,1295.300048828125,,,,,,,,,,,,,,,,13057383.0,,,,,,,,,,0.0,2.69214129447937,267.29998779296875,,,,1068.0,""
9551101711,"Jul 30, 2023, 3:36:43 PM",Cramps run,Run,,2648,5.77,,,false,,,activities/9551101711.gpx,,,2648.0,2350.0,5773.25,5.83599853515625,2.45670223236084,36.70359420776367,50.60359573364258,20.0,40.20000076293945,36.93661117553711,-0.24076560139656067,,,95.0,78.63150024414062,,,,,,,,,,,,,,,,,,,0.0,,0.0,,1.0,5937.0,,,,,,,,,,,,,,,,13057383.0,,,,,,,,,,0.0,2.1802303791046143,1452.199951171875,,,,5946.0,""
9555410436,"Jul 31, 2023, 12:19:35 PM",warm up,Run,,955,2.38,,,false,,,activities/9555410436.gpx,,,955.0,866.0,2381.3701171875,4.756005764007568,2.749850034713745,16.975831985473633,7.975831031799316,26.0,37.70000076293945,6.644530296325684,0.37793368101119995,,,91.0,82.937255859375,,,,,,,,,,,,,,,,,,,0.0,,0.0,,1.0,2417.199951171875,,,,,,,,,,,,,,,,13057383.0,,,,,,,,,,0.0,2.4935812950134277,1031.4000244140625,,,,2320.0,""
9555582694,"Jul 31, 2023, 12:39:56 PM",Evening Run,Run,,1652,5.06,,,false,,,activities/9555582694.gpx,,,1652.0,1623.0,5066.31982421875,4.745995998382568,3.121577262878418,26.550365447998047,25.950366973876953,34.79999923706055,38.20000076293945,11.743378639221191,0.011842915788292885,,,92.0,84.73274993896484,,,,,,,,,,,,,,,,,,,0.0,,0.0,,1.0,5098.60009765625,,,,,,,,,,,,,,,,13057383.0,,,,,,,,,,0.0,3.066779613494873,0.0,,,,4468.0,""
9555902452,"Jul 31, 2023, 1:26:58 PM",Night Run,Run,,2459,5.25,,,false,,,activities/9555902452.gpx,,,2459.0,2273.0,5250.93994140625,9.20962142944336,2.310136318206787,47.4488410949707,41.4488410949707,21.200000762939453,44.79999923706055,25.586008071899414,0.11426525563001633,,,92.0,82.12071990966797,,,,,,,,,,,,,,,,,,,0.0,,0.0,,1.0,5329.7001953125,,,,,,,,,,,,,,,,13057383.0,,,,,,,,,,0.0,2.1353964805603027,220.8000030517578,,,,5946.0,""
9561328158,"Aug 1, 2023, 11:12:35 AM",warm up,Run,,595,1.33,,,false,,,activities/9561328158.gpx,,,595.0,592.0,1337.25,6.582499980926514,2.2588682174682617,19.908077239990234,-2.391923189163208,19.5,41.79999923706055,10.901469230651855,1.667601466178894,,,88.0,82.65789794921875,,,,,,,,,,,,,,,,,,,0.0,,0.0,,1.0,1409.0,,,,,,,,,,,,,,,,13057383.0,,,,,,,,,,0.0,2.24747896194458,0.0,,,,1582.0,""
9561669547,"Aug 1, 2023, 11:38:18 AM",Evening Run,Run,,2137,5.06,,,false,,,activities/9561669547.gpx,,,2137.0,1918.0,5063.81982421875,4.333984375,2.6401562690734863,43.41592025756836,43.215919494628906,21.200000762939453,41.79999923706055,6.976797103881836,0.003949587699025869,,,93.0,85.53882598876953,,,,,,,,,,,,,,,,,,,0.0,,0.0,,1.0,5111.60009765625,,,,,,,,,,,,,,,,13057383.0,,,,,,,,,,0.0,2.3695929050445557,0.0,,,,5130.0,""
9561749323,"Aug 1, 2023, 12:21:15 PM",Evening Run,Run,,311,1.02,,,false,,,activities/9561749323.gpx,,,311.0,311.0,1027.5999755859375,4.794000148773193,3.3041799068450928,15.938888549804688,9.23888874053955,25.399999618530273,41.70000076293945,4.9019551277160645,0.6520046591758728,,,94.0,88.76873016357422,,,,,,,,,,,,,,,,,,,0.0,,0.0,,1.0,1056.199951171875,,,,,,,,,,,,,,,,13057383.0,,,,,,,,,,0.0,3.3041799068450928,0.0,,,,916.0,""
9562072954,"Aug 1, 2023, 12:43:27 PM",Evening Run,Run,,2200,5.17,,,false,,,activities/9562072954.gpx,,,2200.0,2059.0,5174.580078125,5.927999973297119,2.5131521224975586,41.5831298828125,45.18313217163086,20.200000762939453,41.900001525878906,12.154671669006348,-0.0695708617568016,,,92.0,83.21875,,,,,,,,,,,,,,,,,,,0.0,,0.0,,1.0,5217.2001953125,,,,,,,,,,,,,,,,13057383.0,,,,,,,,,,0.0,2.352081775665283,59.29999923706055,,,,5588.0,""
9568325769,"Aug 2, 2023, 11:27:45 AM",ASICS ulan 5k,Run,,2238,5.34,,,false,,,activities/9568325769.gpx,,,2238.0,2076.0,5340.580078125,6.176001071929932,2.5725338459014893,21.570707321166992,24.270706176757812,30.200000762939453,39.900001525878906,12.744598388671875,-0.050556305795907974,,,93.0,84.22923278808594,,,,,,,,,,,,,,,,,,,0.0,,0.0,,1.0,5366.10009765625,,,,,,,,,,,,,,,,13057383.0,,,,,,,,,,0.0,2.3863182067871094,840.7000122070312,,,,5800.0,""
9568391767,"Aug 2, 2023, 12:18:04 PM",Evening Run,Run,,441,1.22,,,false,,,activities/9568391767.gpx,,,441.0,389.0,1223.4100341796875,7.127999782562256,3.145012855529785,6.869210720062256,17.569210052490234,20.200000762939453,31.100000381469727,24.405513763427734,-0.8746045827865601,,,93.0,85.81564331054688,,,,,,,,,,,,,,,,,,,0.0,,0.0,,1.0,1261.5999755859375,,,,,,,,,,,,,,,,13057383.0,,,,,,,,,,0.0,2.774172306060791,305.20001220703125,,,,1042.0,""
9574692791,"Aug 3, 2023, 10:30:08 AM",Hoka,Run,"",5571,10.85,,,false,,,activities/9574692791.gpx,,,5571.0,5038.0,10850.9697265625,5.199999809265137,2.153824806213379,75.28038024902344,75.38040161132812,21.200000762939453,45.79999923706055,33.8674430847168,-0.000921576633118093,,,97.0,82.40662384033203,,,,,,,,,,,,,,,,,,,0.0,,0.0,,1.0,10954.599609375,,,,,,,,,,,,,,,,13861236.0,,,,,,,,,,0.0,1.947759747505188,287.0,,,,10950.0,""
9574959658,"Aug 3, 2023, 12:39:32 PM",Evening Run,Run,,544,1.44,,,false,,,activities/9574959658.gpx,,,544.0,490.0,1442.0,6.073998928070068,2.942857027053833,4.325817108154297,14.325817108154297,23.200000762939453,33.79999923706055,9.777777671813965,-0.6934812664985657,,,94.0,81.74818420410156,,,,,,,,,,,,,,,,,,,0.0,,0.0,,1.0,1459.5,,,,,,,,,,,,,,,,13861236.0,,,,,,,,,,0.0,2.650735378265381,320.79998779296875,,,,1238.0,""
9580535199,"Aug 4, 2023, 10:21:48 AM",Easy 5,Run,,2193,5.20,,,false,,,activities/9580535199.gpx,,,2193.0,2120.0,5208.740234375,3.7120118141174316,2.4569530487060547,44.737770080566406,47.3377685546875,21.200000762939453,41.79999923706055,10.75797176361084,-0.0499160997569561,,,92.0,84.34242248535156,,,,,,,,,,,,,,,,,,,0.0,,0.0,,1.0,5254.0,,,,,,,,,,,,,,,,13057376.0,,,,,,,,,,0.0,2.375166654586792,0.0,,,,5998.0,""
9588412630,"Aug 5, 2023, 3:05:12 PM",Night Run,Run,,2029,5.25,,,false,,,activities/9588412630.gpx,,,2029.0,1822.0,5250.25,7.947998046875,2.8815860748291016,18.274574279785156,27.674575805664062,30.0,44.29999923706055,33.0500602722168,-0.1790390908718109,,,98.0,84.41146087646484,,,,,,,,,,,,,,,,,,,0.0,,0.0,,1.0,5292.7001953125,,,,,,,,,,,,,,,,13057383.0,,,,,,,,,,0.0,2.5876047611236572,1790.300048828125,,,,4742.0,""
9600000947,"Aug 7, 2023, 1:02:55 PM",Easy 10,Run,,4684,10.99,,,false,,,activities/9600000947.gpx,,,4684.0,4516.0,10998.0595703125,6.311913967132568,2.435354232788086,48.58087158203125,61.8808708190918,23.200000762939453,39.79999923706055,25.509441375732422,-0.12093042582273483,,,93.0,84.37995147705078,,,,,,,,,,,,,,,,,,,0.0,,0.0,,1.0,11087.2001953125,,,,,,,,,,,,,,,,13057383.0,,,,,,,,,,0.0,2.348005771636963,1328.0999755859375,,,,11844.0,""
9605370285,"Aug 8, 2023, 10:51:24 AM",Evening Run,Run,"",685,1.23,,,false,,,activities/9605370285.gpx,,,685.0,564.0,1230.9200439453125,4.0159912109375,2.1824822425842285,17.928632736206055,11.928600311279297,21.899999618530273,31.799999237060547,45.078216552734375,0.4874402582645416,,,91.0,73.79529571533203,,,,,,,,,,,,,,,,,,,0.0,,0.0,,1.0,1363.0,,,,,,,,,,,,,,,,13057383.0,,,,,,,,,,0.0,1.7969635725021362,446.6000061035156,,,,1318.0,""
9605423421,"Aug 8, 2023, 11:09:56 AM",Evening Run,Run,"",354,0.93,,,false,,,activities/9605423421.gpx,,,354.0,354.0,931.1300048828125,5.806005954742432,2.6303107738494873,3.2610526084899902,5.661049842834473,28.700000762939453,34.29999923706055,4.127113342285156,-0.25775134563446045,,,89.0,84.73809814453125,,,,,,,,,,,,,,,,,,,0.0,,0.0,,1.0,931.0999755859375,,,,,,,,,,,,,,,,13057383.0,,,,,,,,,,0.0,2.6303107738494873,359.8999938964844,,,,990.0,""
9605817265,"Aug 8, 2023, 11:37:43 AM",adidas,Run,"",1633,3.55,,,false,,,activities/9605817265.gpx,,,1633.0,955.0,3557.7099609375,5.756005764007568,3.725350856781006,17.304428100585938,19.604400634765625,28.200000762939453,35.099998474121094,6.274449825286865,-0.0646483302116394,,,95.0,88.49309539794922,,,,,,,,,,,,,,,,,,,0.0,,0.0,,1.0,3577.89990234375,,,,,,,,,,,,,,,,13057383.0,,,,,,,,,,0.0,2.1786344051361084,1559.5,,,,2788.0,""
9612621868,"Aug 9, 2023, 11:31:57 AM","ASICS Long Intervals (4x1.5km) 05:30, 04:00",Run,,1963,6.11,,,false,,,activities/9612621868.gpx,,,1963.0,1595.0,6111.9599609375,7.513964653015137,3.8319497108459473,9.64067268371582,8.940672874450684,34.70000076293945,41.70000076293945,16.99528694152832,0.011452954262495041,,,97.0,88.2371826171875,,,,,,,,,,,,,,,,,,,0.0,,0.0,,1.0,6153.89990234375,,,,,,,,,,,,,,,,13861236.0,,,,,,,,,,0.0,3.1135811805725098,0.0,,,,4642.0,""
9619431039,"Aug 10, 2023, 11:36:54 AM",adidas,Run,,2865,7.68,,,false,,,activities/9619431039.gpx,,,2865.0,2377.0,7681.38037109375,12.839000701904297,3.231544017791748,40.292457580566406,49.19245529174805,25.600000381469727,45.70000076293945,23.497159957885742,-0.1158645898103714,,,95.0,88.56832885742188,,,,,,,,,,,,,,,,,,,0.0,,0.0,,1.0,7767.89990234375,,,,,,,,,,,,,,,,13057376.0,,,,,,,,,,0.0,2.681110143661499,1129.0,,,,6760.0,""
9629102761,"Aug 11, 2023, 10:28:46 PM",5K 22:xx,Run,"",1398,4.99,,,false,,,activities/9629102761.gpx,,,1398.0,1361.0,4990.58984375,5.955956935882568,3.6668550968170166,72.8866958618164,72.38670349121094,95.80000305175781,122.9000015258789,39.815311431884766,0.010018856264650822,,,111.0,90.11061096191406,,,,,,,,,,,,,,,,,,,0.0,,0.0,,1.0,5275.39990234375,,,,,,,,,,,,,,,,13861236.0,,,,,,,,,,0.0,3.5698068141937256,0.0,,,,4036.0,media/ebb4cf0b-dad2-4c98-b2a5-7b71457e3791.jpg
9650929904,"Aug 15, 2023, 8:56:57 AM",Afternoon Run,Run,,2352,5.49,,,false,,,activities/9650929904.gpx,,,2352.0,2202.0,5496.93994140625,4.506005764007568,2.4963395595550537,10.029202461242676,12.429200172424316,10.399999618530273,18.5,18.983051300048828,-0.04366065561771393,,,93.0,77.5682373046875,,,,,,,,,,,,,,,,,,,0.0,,0.0,,1.0,5530.2998046875,,,,,,,,,,,,,,,,13057383.0,,,,,,,,,,0.0,2.33713436126709,2763.0,,,,5466.0,""
9664875285,"Aug 17, 2023, 10:01:32 AM",5x100m,Run,,621,1.55,,,false,,,activities/9664875285.gpx,,,621.0,571.0,1557.1199951171875,8.350000381469727,2.7270052433013916,0.0,0.699999988079071,10.5,11.5,4.273510932922363,-0.04495478793978691,,,108.0,81.43392181396484,,,,,,,,,,,,,,,,,,,0.0,,0.0,,1.0,1563.5,,,,,,,,,,,,,,,,13861236.0,,,,,,,,,,0.0,2.507439613342285,0.0,,,,1410.0,""
9690689023,"Aug 21, 2023, 9:55:21 AM",Afternoon Run,Run,,2115,3.66,,,false,,,activities/9690689023.gpx,,,2115.0,1454.0,3659.199951171875,5.915331840515137,2.516643762588501,0.0,-1.7000000476837158,10.5,12.699999809265137,5.382179260253906,0.04645824432373047,,,94.0,80.55204772949219,,,,,,,,,,,,,,,,,,,0.0,,0.0,,1.0,3681.89990234375,,,,,,,,,,,,,,,,13057383.0,,,,,,,,,,0.0,1.7301181554794312,0.0,,,,3612.0,""
9697189483,"Aug 22, 2023, 9:53:41 AM",Afternoon Run,Run,,1395,2.06,,,false,,,activities/9697189483.gpx,,,1395.0,582.0,2065.449951171875,5.031994819641113,3.5488829612731934,0.0,0.6000000238418579,10.5,12.699999809265137,3.715740442276001,-0.029049361124634743,,,97.0,88.3297119140625,,,,,,,,,,,,,,,,,,,0.0,,0.0,,1.0,2073.0,,,,,,,,,,,,,,,,13057383.0,,,,,,,,,,0.0,1.4806092977523804,0.0,,,,1662.0,""
9717145022,"Aug 25, 2023, 10:03:53 AM",Evening Run,Run,,1342,3.22,,,false,,,activities/9717145022.gpx,,,1342.0,1169.0,3221.06005859375,4.474023342132568,2.7553977966308594,0.0,0.4000000059604645,10.5,12.699999809265137,4.322803020477295,-0.012418271973729134,,,95.0,82.59512329101562,,,,,,,,,,,,,,,,,,,0.0,,0.0,,1.0,3233.800048828125,,,,,,,,,,,,,,,,13057383.0,,,,,,,,,,0.0,2.400193691253662,0.0,,,,3198.0,""
9794033671,"Sep 6, 2023, 10:08:36 AM",Evening Run,Run,,819,2.12,,,false,,,activities/9794033671.gpx,,,819.0,804.0,2124.68994140625,3.497997999191284,2.6426491737365723,0.0,0.20000000298023224,10.5,12.699999809265137,4.827010631561279,-0.009413138031959534,,,92.0,84.61764526367188,,,,,,,,,,,,,,,,,,,0.0,,0.0,,1.0,2137.5,,,,,,,,,,,,,,,,13057383.0,,,,,,,,,,0.0,2.5942490100860596,0.0,,,,2206.0,""
9794076082,"Sep 6, 2023, 10:24:15 AM",Evening Run,Run,,384,1.23,,,false,,,activities/9794076082.gpx,,,384.0,363.0,1230.47998046875,5.495999336242676,3.38975191116333,0.0,0.10000000149011612,10.5,12.699999809265137,3.329630136489868,-0.008126909844577312,,,95.0,89.07122039794922,,,,,,,,,,,,,,,,,,,0.0,,0.0,,1.0,1234.9000244140625,,,,,,,,,,,,,,,,13057383.0,,,,,,,,,,0.0,3.2043750286102295,0.0,,,,1036.0,""
9872385602,"Sep 18, 2023, 9:52:44 AM",Afternoon Run,Run,,1242,2.00,,,false,,,activities/9872385602.gpx,,,1242.0,694.0,2005.47998046875,4.426001071929932,2.8897407054901123,0.0,0.5,10.5,12.699999809265137,4.336502552032471,-0.024931687861680984,,,93.0,85.26851654052734,,,,,,,,,,,,,,,,,,,0.0,,0.0,,1.0,2011.4000244140625,,,,,,,,,,,,,,,,13057383.0,,,,,,,,,,0.0,1.6147181987762451,0.0,,,,1892.0,""
9878417002,"Sep 19, 2023, 9:51:16 AM",Afternoon Run,Run,,355,1.24,,,false,,,activities/9878417002.gpx,,,355.0,355.0,1246.47998046875,4.958000183105469,3.5112111568450928,0.0,0.0,8.899999618530273,9.5,0.7974456548690796,0.0,,,92.0,87.9140396118164,,,,,,,,,,,,,,,,,,,0.0,,0.0,,1.0,1247.0,,,,,,,,,,,,,,,,13057383.0,,,,,,,,,,0.0,3.5112111568450928,0.0,,,,1034.0,""
9878473857,"Sep 19, 2023, 10:01:47 AM",Evening Run,Run,,431,1.20,,,false,,,activities/9878473857.gpx,,,431.0,431.0,1203.280029296875,3.5880126953125,2.79183292388916,0.0,0.0,8.899999618530273,9.5,0.9920617938041687,0.0,,,95.0,85.70023345947266,,,,,,,,,,,,,,,,,,,0.0,,0.0,,1.0,1203.699951171875,,,,,,,,,,,,,,,,13057383.0,,,,,,,,,,0.0,2.79183292388916,0.0,,,,1230.0,""
